TXN_ID,DATE,MINISTRY_CODE,MINISTRY_NAME,ACCOUNT_CODE,DESCRIPTION,VENDOR,AMOUNT_KES,PAYMENT_METHOD
KE-2400000,22/10/2023,MOE,Ministry of Education,2211407,Cleaning and fumigation - health facilities,TransAfrica Logistics,1767857.37,BANK_TRANSFER
KE-2400001,27/12/2023,MOF,Ministry of Finance,2211305,Immunisation outreach,Vitalis Pharma,1329.73,MOBILE_MONEY
KE-2400002,04/07/2023,MOE,Ministry of Education,2211101,Medical drugs,GreenLeaf Consultancy,58982.3,MOBILE_MONEY
KE-2400003,21/09/2023,MOE,Ministry of Education,2211306,Antenatal outreach services,PharmaWest Africa,237811.49,BANK_TRANSFER
KE-2400004,09/12/2023,MOH,Ministry of Health,3110701,Purchase of vehicles - ambulances,Regional Bank Services,203506.61,CHEQUE
KE-2400005,03/08/2023,MOI,Ministry of Interior,2211305,Immunisation outreach,Modern Office Systems,394363.66,BANK_TRANSFER
KE-2400006,18/02/2024,MOE,Ministry of Education,2211105,HIV test kits and ARVs,Sunrise Cleaning Services,1470047.26,CHEQUE
KE-2400007,25/07/2023,MOFA,Ministry of Family Affairs,2211201,Laboratory reagents,Nile Motors,308407.58,CHEQUE
KE-2400008,26/05/2024,MOI,Ministry of Interior,2211404,SGBV survivor support services,TechnoServ Africa,302985.22,BANK_TRANSFER
KE-2400009,13/01/2024,MOH,Ministry of Health,2211103,Vaccines,Sunrise Cleaning Services,2047.08,BANK_TRANSFER
KE-2400010,22/06/2024,MOF,Ministry of Finance,3110701,PURCHASE OF VEHICLES - AMBULANCES,United Diagnostics,-771862.67,CHEQUE
KE-2400011,26/11/2023,MOF,Ministry of Finance,2211110,Maternity supplies and delivery kits,Public Health Institute,728652.49,CHEQUE
KE-2400012,15/09/2023,MOE,Ministry of Education,3110701,Purchase of vehicles - ambulances,Nile Motors,76232.94,MOBILE_MONEY
KE-2400013,14/04/2024,MOH,Ministry of Health,2211511,Printing and stationery,United Diagnostics,2104.05,CHEQUE
KE-2400014,16/04/2024,MOFA,Ministry of Family Affairs,2210201,Communication supplies,TechnoServ Africa,2045250.21,BANK_TRANSFER
KE-2400015,25/09/2023,MOFA,Ministry of Family Affairs,2211308,Youth SRH counselling services,Highlands Print Works,303491.64,MOBILE_MONEY
KE-2400016,20/06/2024,MOFA,Ministry of Family Affairs,2211320,Cervical cancer screening,TransAfrica Logistics,804076.87,CHEQUE
KE-2400017,28/09/2023,MOH,Ministry of Health,2211501,Refined fuels,Care Foundation,260858.91,CHEQUE
KE-2400018,07/12/2023,MOE,Ministry of Education,2210301,Domestic travel,TechnoServ Africa,2060743.1,CHEQUE
KE-2400019,15/12/2023,MOF,Ministry of Finance,2211102,contraceptives and family planning commodities,GreenLeaf Consultancy,32560.66,BANK_TRANSFER
KE-2400020,16/05/2024,MOFA,Ministry of Family Affairs,2211110,Maternity supplies and delivery kits,MediPlus Distributors,248156.09,BANK_TRANSFER
KE-2400021,20/09/2023,MOE,Ministry of Education,2110101,Basic salaries - permanent employees,Care Foundation,272608.73,MOBILE_MONEY
KE-2400022,17/11/2023,MOH,Ministry of Health,2211501,Refined fuels,Highlands Print Works,1830.05,CHEQUE
KE-2400023,08/05/2024,MOF,Ministry of Finance,2211511,Printing and stationery,TechnoServ Africa,130712.91,BANK_TRANSFER
KE-2400024,22/04/2024,MOI,Ministry of Interior,2210201,communication supplies,MediPlus Distributors,116263.11,CHEQUE
KE-2400025,13/06/2024,MOH,Ministry of Health,3110101,Construction of buildings - health facilities,Regional Bank Services,6468.38,CHEQUE
KE-2400026,22/05/2024,MOH,Ministry of Health,2211320,Cervical cancer screening,Care Foundation,255311.9,CHEQUE
KE-2400027,04/08/2023,MOE,Ministry of Education,2211511,Printing and stationery,Modern Office Systems,13743.29,CHEQUE
KE-2400028,21/04/2024,MOFA,Ministry of Family Affairs,2211110,Maternity supplies and delivery kits,MediPlus Distributors,,BANK_TRANSFER
KE-2400029,18/11/2023,MOI,Ministry of Interior,2211306,Antenatal outreach services,MedSupplies Ltd,120251.03,CHEQUE
KE-2400030,25/06/2024,MOE,Ministry of Education,2211511,Printing and stationery,MediPlus Distributors,2036.83,MOBILE_MONEY
KE-2400031,05/09/2023,MOE,Ministry of Education,2211305,Immunisation outreach,United Diagnostics,29348.08,BANK_TRANSFER
KE-2400032,09/07/2023,MOF,Ministry of Finance,3110101,Construction of buildings - health facilities,NextGen IT,591089.57,CHEQUE
KE-2400033,19/12/2023,MOH,Ministry of Health,2211407,Cleaning and fumigation - health facilities,GreenLeaf Consultancy,-962.97,MOBILE_MONEY
KE-2400034,28/09/2023,MOI,Ministry of Interior,2211103,vaccines,Public Health Institute,16142.62,BANK_TRANSFER
KE-2400035,13/11/2023,MOI,Ministry of Interior,2211103,vaccines,Public Health Institute,1749837.13,BANK_TRANSFER
KE-2400036,23/07/2023,MOF,Ministry of Finance,2211201,Laboratory reagents,PharmaWest Africa,5937.61,CHEQUE
KE-2400037,02/01/2024,MOE,Ministry of Education,2211305,Immunisation outreach,SafeWater Kenya,-6037.55,BANK_TRANSFER
KE-2400038,23/04/2024,MOF,Ministry of Finance,2110101,Basic salaries - permanent employees,SafeWater Kenya,139393.94,CHEQUE
KE-2400039,14/01/2024,MOE,Ministry of Education,2211308,Youth SRH counselling services,Vitalis Pharma,82935.88,CHEQUE
KE-2400040,02/02/2024,MOFA,Ministry of Family Affairs,2211501,Refined fuels,United Diagnostics,,MOBILE_MONEY
KE-2400041,13/06/2024,MOF,Ministry of Finance,2211103,Vaccines,Nile Motors,584829.56,CHEQUE
KE-2400042,27/03/2024,MOH,Ministry of Health,2211511,Printing and stationery,PharmaWest Africa,-3494.56,BANK_TRANSFER
KE-2400043,03/01/2024,MOF,Ministry of Finance,2211306,Antenatal outreach services,Nile Motors,461154.08,BANK_TRANSFER
KE-2400044,21/10/2023,MOH,Ministry of Health,2210301,Domestic travel,PharmaWest Africa,770515.44,MOBILE_MONEY
KE-2400045,12/11/2023,MOE,Ministry of Education,2211101,Medical drugs,BuildRight Contractors,879042.46,MOBILE_MONEY
KE-2400046,07/11/2023,MOH,Ministry of Health,3110101,Construction of buildings - health facilities,Vitalis Pharma,1409984.47,CHEQUE
KE-2400047,05/06/2024,MOF,Ministry of Finance,3110101,Construction of buildings - health facilities,TechnoServ Africa,803068.52,BANK_TRANSFER
KE-2400048,18/09/2023,MOE,Ministry of Education,2110101,basic salaries - permanent employees,Sunrise Cleaning Services,1754685.96,CHEQUE
KE-2400049,28/11/2023,MOF,Ministry of Finance,2211511,Printing and stationery,Care Foundation,22908.0,CHEQUE
KE-2400050,17/07/2023,MOI,Ministry of Interior,2211308,Youth SRH counselling services,BuildRight Contractors,1996.28,CHEQUE
KE-2400051,21/01/2024,MOE,Ministry of Education,2210301,Domestic travel,SafeWater Kenya,217259.91,BANK_TRANSFER
KE-2400052,09/03/2024,MOE,Ministry of Education,2211407,Cleaning and fumigation - health facilities,Sunrise Cleaning Services,335636.54,CHEQUE
KE-2400053,23/01/2024,MOE,Ministry of Education,2211306,Antenatal outreach services,Regional Bank Services,12776.56,MOBILE_MONEY
KE-2400054,13/05/2024,MOH,Ministry of Health,2211102,Contraceptives and family planning commodities,MediPlus Distributors,1181.19,BANK_TRANSFER
KE-2400055,05/07/2023,MOI,Ministry of Interior,2211308,Youth SRH counselling services,Regional Bank Services,28176.17,CHEQUE
KE-2400056,23/12/2023,MOH,Ministry of Health,2211305,Immunisation outreach,SafeWater Kenya,7711.17,BANK_TRANSFER
KE-2400057,29/02/2024,MOFA,Ministry of Family Affairs,2211102,Contraceptives and family planning commodities,GreenLeaf Consultancy,19072.88,CHEQUE
KE-2400058,14/01/2024,MOFA,Ministry of Family Affairs,2211305,Immunisation outreach,United Diagnostics,622134.38,BANK_TRANSFER
KE-2400059,26/11/2023,MOH,Ministry of Health,3110701,Purchase of vehicles - ambulances,TechnoServ Africa,3741.48,CHEQUE
KE-2400060,23/06/2024,MOH,Ministry of Health,2211320,Cervical cancer screening,TransAfrica Logistics,4457.32,BANK_TRANSFER
KE-2400061,05/01/2024,MOH,Ministry of Health,2211199,General medical consumables,Modern Office Systems,27487.56,CHEQUE
KE-2400062,03/10/2023,MOI,Ministry of Interior,2211511,Printing and stationery,MediPlus Distributors,86059.65,BANK_TRANSFER
KE-2400063,24/04/2024,MOE,Ministry of Education,2210301,Domestic travel,United Diagnostics,23902.99,BANK_TRANSFER
KE-2400064,17/10/2023,MOH,Ministry of Health,2211511,Printing and stationery,Sunrise Cleaning Services,129702.47,BANK_TRANSFER
KE-2400065,30/09/2023,MOH,Ministry of Health,2211320,Cervical cancer screening,NextGen IT,29543.99,MOBILE_MONEY
KE-2400066,13/06/2024,MOF,Ministry of Finance,2211199,General medical consumables,SafeWater Kenya,8731.3,BANK_TRANSFER
KE-2400067,09/03/2024,MOFA,Ministry of Family Affairs,2211305,Immunisation outreach,BuildRight Contractors,634806.27,MOBILE_MONEY
KE-2400068,10/02/2024,MOH,Ministry of Health,2211102,Contraceptives and family planning commodities,Sunrise Cleaning Services,1446.38,MOBILE_MONEY
KE-2400069,21/07/2023,MOFA,Ministry of Family Affairs,2211404,SGBV survivor support services,TechnoServ Africa,7146.64,MOBILE_MONEY
KE-2400070,04/11/2023,MOF,Ministry of Finance,2110101,Basic salaries - permanent employees,BuildRight Contractors,648272.3,BANK_TRANSFER
KE-2400071,10/02/2024,MOH,Ministry of Health,2211103,Vaccines,NextGen IT,1156.57,MOBILE_MONEY
KE-2400072,28/01/2024,MOFA,Ministry of Family Affairs,2211305,Immunisation outreach,PharmaWest Africa,15432.79,BANK_TRANSFER
KE-2400073,01/01/2024,MOE,Ministry of Education,2110101,basic salaries - permanent employees,MedSupplies Ltd,538360.87,CHEQUE
KE-2400074,22/02/2024,MOF,Ministry of Finance,3110701,Purchase of vehicles - ambulances,Care Foundation,961634.66,BANK_TRANSFER
KE-2400075,03/06/2024,MOI,Ministry of Interior,2210301,Domestic travel,United Diagnostics,8674.37,CHEQUE
KE-2400076,21/02/2024,MOE,Ministry of Education,2211308,Youth SRH counselling services,Care Foundation,2296.28,CHEQUE
KE-2400077,17/05/2024,MOE,Ministry of Education,2211102,CONTRACEPTIVES AND FAMILY PLANNING COMMODITIES,GreenLeaf Consultancy,270752.23,MOBILE_MONEY
KE-2400078,19/02/2024,MOF,Ministry of Finance,2211407,Cleaning and fumigation - health facilities,Nile Motors,138336.13,BANK_TRANSFER
KE-2400079,01/08/2023,MOFA,Ministry of Family Affairs,2110101,Basic salaries - permanent employees,Vitalis Pharma,32634.6,CHEQUE
KE-2400080,09/07/2023,MOE,Ministry of Education,2211201,Laboratory reagents,MediPlus Distributors,823171.68,MOBILE_MONEY
KE-2400081,19/01/2024,MOH,Ministry of Health,2211201,Laboratory reagents,Highlands Print Works,123666.06,CHEQUE
KE-2400082,20/10/2023,MOFA,Ministry of Family Affairs,2211511,printing and stationery,TechnoServ Africa,85977.35,CHEQUE
KE-2400083,24/08/2023,MOH,Ministry of Health,2211511,Printing and stationery,MediPlus Distributors,733258.32,CHEQUE
KE-2400084,18/10/2023,MOI,Ministry of Interior,2211105,HIV test kits and ARVs,MedSupplies Ltd,656949.42,CHEQUE
KE-2400085,19/03/2024,MOF,Ministry of Finance,2210201,Communication supplies,TransAfrica Logistics,2055.44,CHEQUE
KE-2400086,19/10/2023,MOH,Ministry of Health,2210201,Communication supplies,MedSupplies Ltd,673360.78,CHEQUE
KE-2400087,24/06/2024,MOI,Ministry of Interior,2211407,Cleaning and fumigation - health facilities,Sunrise Cleaning Services,1967539.49,MOBILE_MONEY
KE-2400088,25/12/2023,MOH,Ministry of Health,2211305,Immunisation outreach,GreenLeaf Consultancy,21846.04,BANK_TRANSFER
KE-2400089,19/11/2023,MOF,Ministry of Finance,3110701,Purchase of vehicles - ambulances,PharmaWest Africa,911.55,BANK_TRANSFER
KE-2400090,08/11/2023,MOE,Ministry of Education,2211308,Youth SRH counselling services,Sunrise Cleaning Services,35575.06,MOBILE_MONEY
KE-2400091,13/01/2024,MOH,Ministry of Health,2211407,CLEANING AND FUMIGATION - HEALTH FACILITIES,Modern Office Systems,1913.45,MOBILE_MONEY
KE-2400092,02/09/2023,MOE,Ministry of Education,2211103,Vaccines,Highlands Print Works,2024.63,MOBILE_MONEY
KE-2400093,07/05/2024,MOI,Ministry of Interior,2211308,Youth SRH counselling services,MediPlus Distributors,5956.34,MOBILE_MONEY
KE-2400094,23/07/2023,MOE,Ministry of Education,2110101,Basic salaries - permanent employees,Vitalis Pharma,64406.04,BANK_TRANSFER
KE-2400095,04/02/2024,MOF,Ministry of Finance,2211199,General medical consumables,United Diagnostics,133439.04,CHEQUE
KE-2400096,02/07/2023,MOF,Ministry of Finance,2211102,Contraceptives and family planning commodities,BuildRight Contractors,3849.25,MOBILE_MONEY
KE-2400097,13/10/2023,MOFA,Ministry of Family Affairs,2211101,Medical drugs,Regional Bank Services,1017351.58,MOBILE_MONEY
KE-2400098,04/05/2024,MOI,Ministry of Interior,2211105,HIV test kits and ARVs,PharmaWest Africa,441142.32,CHEQUE
KE-2400099,15/11/2023,MOE,Ministry of Education,2211306,ANTENATAL OUTREACH SERVICES,MedSupplies Ltd,-291548.26,CHEQUE
KE-2400100,05/04/2024,MOE,Ministry of Education,2211308,Youth SRH counselling services,GreenLeaf Consultancy,1324029.7,BANK_TRANSFER
KE-2400101,14/02/2024,MOE,Ministry of Education,2211306,Antenatal outreach services,Vitalis Pharma,1612637.64,CHEQUE
KE-2400102,16/10/2023,MOE,Ministry of Education,3110701,Purchase of vehicles - ambulances,Nile Motors,129391.94,CHEQUE
KE-2400103,03/08/2023,MOFA,Ministry of Family Affairs,2211110,Maternity supplies and delivery kits,United Diagnostics,317952.42,BANK_TRANSFER
KE-2400104,08/05/2024,MOFA,Ministry of Family Affairs,2211102,Contraceptives and family planning commodities,SafeWater Kenya,53414.39,CHEQUE
KE-2400105,17/06/2024,MOH,Ministry of Health,2211110,Maternity supplies and delivery kits,TransAfrica Logistics,70897.02,MOBILE_MONEY
KE-2400106,06/06/2024,MOF,Ministry of Finance,2211101,Medical drugs,Vitalis Pharma,6803.89,CHEQUE
KE-2400107,09/06/2024,MOI,Ministry of Interior,2211407,Cleaning and fumigation - health facilities,BuildRight Contractors,5635.69,CHEQUE
KE-2400108,19/01/2024,MOI,Ministry of Interior,2211501,REFINED FUELS,SafeWater Kenya,140514.85,CHEQUE
KE-2400109,24/03/2024,MOF,Ministry of Finance,2110101,Basic salaries - permanent employees,Regional Bank Services,746062.6,BANK_TRANSFER
KE-2400110,06/05/2024,MOF,Ministry of Finance,3110101,Construction of buildings - health facilities,BuildRight Contractors,124749.13,BANK_TRANSFER
KE-2400111,07/03/2024,MOF,Ministry of Finance,2211501,Refined fuels,Vitalis Pharma,159844.75,CHEQUE
KE-2400112,05/08/2023,MOH,Ministry of Health,2211110,Maternity supplies and delivery kits,Modern Office Systems,4123.72,BANK_TRANSFER
KE-2400113,06/09/2023,MOFA,Ministry of Family Affairs,2211308,Youth SRH counselling services,Regional Bank Services,647188.52,CHEQUE
KE-2400114,14/07/2023,MOFA,Ministry of Family Affairs,2211501,Refined fuels,United Diagnostics,1541.8,CHEQUE
KE-2400115,05/03/2024,MOH,Ministry of Health,2211105,HIV test kits and ARVs,Nile Motors,1810.19,CHEQUE
KE-2400116,28/08/2023,MOH,Ministry of Health,2211308,youth srh counselling services,Care Foundation,2546.75,MOBILE_MONEY
KE-2400117,07/05/2024,MOFA,Ministry of Family Affairs,2210201,Communication supplies,PharmaWest Africa,2000976.36,MOBILE_MONEY
KE-2400118,27/12/2023,MOI,Ministry of Interior,2211511,Printing and stationery,Highlands Print Works,987.11,MOBILE_MONEY
KE-2400119,07/10/2023,MOF,Ministry of Finance,2211110,Maternity supplies and delivery kits,SafeWater Kenya,4443.55,BANK_TRANSFER
KE-2400120,02/02/2024,MOE,Ministry of Education,2211102,CONTRACEPTIVES AND FAMILY PLANNING COMMODITIES,Vitalis Pharma,8634.57,MOBILE_MONEY
KE-2400121,29/04/2024,MOI,Ministry of Interior,2211511,Printing and stationery,Vitalis Pharma,33052.06,CHEQUE
KE-2400122,13/10/2023,MOI,Ministry of Interior,2110101,basic salaries - permanent employees,GreenLeaf Consultancy,1012162.74,BANK_TRANSFER
KE-2400123,03/06/2024,MOFA,Ministry of Family Affairs,2211511,printing and stationery,Public Health Institute,791787.94,CHEQUE
KE-2400124,10/01/2024,MOF,Ministry of Finance,2211101,Medical drugs,Care Foundation,795126.46,MOBILE_MONEY
KE-2400125,02/12/2023,MOF,Ministry of Finance,2211404,SGBV SURVIVOR SUPPORT SERVICES,Vitalis Pharma,2696.77,BANK_TRANSFER
KE-2400126,08/04/2024,MOF,Ministry of Finance,2211201,Laboratory reagents,NextGen IT,-34187.5,MOBILE_MONEY
KE-2400127,10/10/2023,MOF,Ministry of Finance,2110101,basic salaries - permanent employees,Modern Office Systems,2266.21,BANK_TRANSFER
KE-2400128,13/03/2024,MOFA,Ministry of Family Affairs,2210201,Communication supplies,Care Foundation,97167.37,CHEQUE
KE-2400129,01/01/2024,MOH,Ministry of Health,2211308,Youth SRH counselling services,United Diagnostics,1328327.81,CHEQUE
KE-2400130,18/06/2024,MOE,Ministry of Education,2211511,Printing and stationery,TechnoServ Africa,166482.18,BANK_TRANSFER
KE-2400131,10/01/2024,MOFA,Ministry of Family Affairs,2211407,cleaning and fumigation - health facilities,Modern Office Systems,8081.19,BANK_TRANSFER
KE-2400132,06/09/2023,MOE,Ministry of Education,2211404,SGBV survivor support services,Nile Motors,20538.44,CHEQUE
KE-2400133,03/01/2024,MOFA,Ministry of Family Affairs,2210301,Domestic travel,MedSupplies Ltd,61173.87,BANK_TRANSFER
KE-2400134,03/01/2024,MOI,Ministry of Interior,3110101,Construction of buildings - health facilities,Care Foundation,2071684.31,CHEQUE
KE-2400135,25/10/2023,MOH,Ministry of Health,2211201,Laboratory reagents,TransAfrica Logistics,7120.27,BANK_TRANSFER
KE-2400136,25/09/2023,MOFA,Ministry of Family Affairs,2211110,Maternity supplies and delivery kits,Vitalis Pharma,65720.66,CHEQUE
KE-2400137,07/01/2024,MOF,Ministry of Finance,2211201,Laboratory reagents,United Diagnostics,824713.96,CHEQUE
KE-2400138,06/03/2024,MOF,Ministry of Finance,2211105,HIV test kits and ARVs,TechnoServ Africa,1233878.66,BANK_TRANSFER
KE-2400139,12/06/2024,MOH,Ministry of Health,2211103,Vaccines,Public Health Institute,1415.05,CHEQUE
KE-2400140,03/05/2024,MOE,Ministry of Education,2211511,Printing and stationery,Vitalis Pharma,751533.66,BANK_TRANSFER
KE-2400141,18/06/2024,MOH,Ministry of Health,2211201,Laboratory reagents,NextGen IT,8080.36,CHEQUE
KE-2400142,21/12/2023,MOI,Ministry of Interior,2211103,Vaccines,Care Foundation,85939.46,MOBILE_MONEY
KE-2400143,06/09/2023,MOF,Ministry of Finance,2211308,Youth SRH counselling services,PharmaWest Africa,1801315.38,CHEQUE
KE-2400144,20/12/2023,MOE,Ministry of Education,2210301,Domestic travel,Highlands Print Works,23410.08,BANK_TRANSFER
KE-2400145,02/12/2023,MOF,Ministry of Finance,2211199,General medical consumables,TransAfrica Logistics,321742.34,BANK_TRANSFER
KE-2400146,17/08/2023,MOE,Ministry of Education,3110101,Construction of buildings - health facilities,Regional Bank Services,1328.8,BANK_TRANSFER
KE-2400147,07/12/2023,MOI,Ministry of Interior,2211305,Immunisation outreach,MediPlus Distributors,58959.16,CHEQUE
KE-2400148,03/01/2024,MOFA,Ministry of Family Affairs,2211199,general medical consumables,United Diagnostics,1206.04,MOBILE_MONEY
KE-2400149,21/10/2023,MOF,Ministry of Finance,2211407,Cleaning and fumigation - health facilities,Modern Office Systems,1297633.5,BANK_TRANSFER
KE-2400150,28/11/2023,MOE,Ministry of Education,2211501,Refined fuels,MedSupplies Ltd,2031881.93,MOBILE_MONEY
KE-2400151,11/11/2023,MOE,Ministry of Education,2210201,Communication supplies,Sunrise Cleaning Services,17869.71,MOBILE_MONEY
KE-2400152,28/09/2023,MOF,Ministry of Finance,2211404,SGBV survivor support services,MediPlus Distributors,29205.75,MOBILE_MONEY
KE-2400153,16/04/2024,MOH,Ministry of Health,2211201,Laboratory reagents,GreenLeaf Consultancy,4548.47,CHEQUE
KE-2400154,28/01/2024,MOF,Ministry of Finance,2110101,Basic salaries - permanent employees,Regional Bank Services,934.46,CHEQUE
KE-2400155,30/11/2023,MOE,Ministry of Education,2211306,Antenatal outreach services,MediPlus Distributors,847085.66,CHEQUE
KE-2400156,02/11/2023,MOI,Ministry of Interior,2210201,Communication supplies,TechnoServ Africa,1480119.73,BANK_TRANSFER
KE-2400157,17/08/2023,MOF,Ministry of Finance,2211201,Laboratory reagents,NextGen IT,1459982.81,BANK_TRANSFER
KE-2400158,16/12/2023,MOI,Ministry of Interior,2211407,Cleaning and fumigation - health facilities,TransAfrica Logistics,18027.12,MOBILE_MONEY
KE-2400159,28/02/2024,MOE,Ministry of Education,2211101,Medical drugs,TransAfrica Logistics,1601261.51,BANK_TRANSFER
KE-2400160,02/04/2024,MOH,Ministry of Health,3110101,Construction of buildings - health facilities,Regional Bank Services,1192128.0,MOBILE_MONEY
KE-2400161,20/12/2023,MOI,Ministry of Interior,2211103,Vaccines,Regional Bank Services,4219.03,CHEQUE
KE-2400162,06/01/2024,MOFA,Ministry of Family Affairs,3110701,purchase of vehicles - ambulances,Regional Bank Services,8096.21,BANK_TRANSFER
KE-2400163,15/01/2024,MOF,Ministry of Finance,2211103,Vaccines,Care Foundation,53434.87,BANK_TRANSFER
KE-2400164,20/09/2023,MOFA,Ministry of Family Affairs,2210201,Communication supplies,Modern Office Systems,1181.99,BANK_TRANSFER
KE-2400165,24/03/2024,MOH,Ministry of Health,2211101,Medical drugs,Regional Bank Services,1361408.76,CHEQUE
KE-2400166,15/05/2024,MOE,Ministry of Education,2110101,Basic salaries - permanent employees,TechnoServ Africa,258585.79,MOBILE_MONEY
KE-2400167,04/04/2024,MOI,Ministry of Interior,2211103,Vaccines,TransAfrica Logistics,611932.7,MOBILE_MONEY
KE-2400168,11/03/2024,MOI,Ministry of Interior,2211320,Cervical cancer screening,MedSupplies Ltd,1552756.14,BANK_TRANSFER
KE-2400169,14/01/2024,MOFA,Ministry of Family Affairs,2211305,Immunisation outreach,Care Foundation,352540.74,BANK_TRANSFER
KE-2400170,20/09/2023,MOI,Ministry of Interior,2211199,General medical consumables,PharmaWest Africa,138116.54,BANK_TRANSFER
KE-2400171,10/02/2024,MOI,Ministry of Interior,2210301,Domestic travel,NextGen IT,14400.33,MOBILE_MONEY
KE-2400172,18/01/2024,MOFA,Ministry of Family Affairs,2211511,Printing and stationery,MediPlus Distributors,69434.79,MOBILE_MONEY
KE-2400173,27/11/2023,MOH,Ministry of Health,2211103,Vaccines,Care Foundation,478970.05,BANK_TRANSFER
KE-2400174,15/09/2023,MOF,Ministry of Finance,2211102,Contraceptives and family planning commodities,MediPlus Distributors,20353.14,MOBILE_MONEY
KE-2400175,11/01/2024,MOH,Ministry of Health,3110101,Construction of buildings - health facilities,Highlands Print Works,12710.84,CHEQUE
KE-2400176,30/05/2024,MOFA,Ministry of Family Affairs,2211105,HIV test kits and ARVs,BuildRight Contractors,22779.02,MOBILE_MONEY
KE-2400177,15/05/2024,MOF,Ministry of Finance,2211101,Medical drugs,Sunrise Cleaning Services,1488865.58,CHEQUE
KE-2400178,19/05/2024,MOF,Ministry of Finance,2110101,Basic salaries - permanent employees,TechnoServ Africa,823963.72,CHEQUE
KE-2400179,03/06/2024,MOFA,Ministry of Family Affairs,2211101,Medical drugs,United Diagnostics,1427.58,CHEQUE
KE-2400180,28/01/2024,MOFA,Ministry of Family Affairs,2211103,Vaccines,MediPlus Distributors,2616.14,MOBILE_MONEY
KE-2400181,18/05/2024,MOI,Ministry of Interior,2211110,Maternity supplies and delivery kits,TechnoServ Africa,4905.67,CHEQUE
KE-2400182,04/07/2023,MOH,Ministry of Health,2211501,Refined fuels,Modern Office Systems,784812.04,CHEQUE
KE-2400183,03/02/2024,MOFA,Ministry of Family Affairs,2211305,Immunisation outreach,MedSupplies Ltd,"""29,998.63""",MOBILE_MONEY
KE-2400184,30/04/2024,MOH,Ministry of Health,2210201,Communication supplies,NextGen IT,,BANK_TRANSFER
KE-2400185,09/12/2023,MOH,Ministry of Health,2211407,Cleaning and fumigation - health facilities,Public Health Institute,17782.56,CHEQUE
KE-2400186,13/01/2024,MOFA,Ministry of Family Affairs,2211501,Refined fuels,Vitalis Pharma,12235.61,CHEQUE
KE-2400187,16/01/2024,MOI,Ministry of Interior,2211306,Antenatal outreach services,TechnoServ Africa,29778.2,BANK_TRANSFER
KE-2400188,12/02/2024,MOH,Ministry of Health,2211101,Medical drugs,GreenLeaf Consultancy,,CHEQUE
KE-2400189,24/12/2023,MOFA,Ministry of Family Affairs,2211407,CLEANING AND FUMIGATION - HEALTH FACILITIES,MediPlus Distributors,260914.36,MOBILE_MONEY
KE-2400190,14/07/2023,MOI,Ministry of Interior,2211199,general medical consumables,Modern Office Systems,477748.46,MOBILE_MONEY
KE-2400191,05/07/2023,MOI,Ministry of Interior,2211103,Vaccines,Public Health Institute,19652.44,BANK_TRANSFER
KE-2400192,13/04/2024,MOE,Ministry of Education,2211110,Maternity supplies and delivery kits,Modern Office Systems,919372.34,BANK_TRANSFER
KE-2400193,10/09/2023,MOFA,Ministry of Family Affairs,2210301,Domestic travel,Nile Motors,22461.45,BANK_TRANSFER
KE-2400194,08/08/2023,MOFA,Ministry of Family Affairs,3110101,Construction of buildings - health facilities,United Diagnostics,129189.44,MOBILE_MONEY
KE-2400195,21/12/2023,MOFA,Ministry of Family Affairs,2211103,Vaccines,Care Foundation,1542.63,MOBILE_MONEY
KE-2400196,27/07/2023,MOFA,Ministry of Family Affairs,2211105,HIV test kits and ARVs,BuildRight Contractors,2688.39,MOBILE_MONEY
KE-2400197,23/02/2024,MOH,Ministry of Health,2211199,General medical consumables,Vitalis Pharma,400494.91,BANK_TRANSFER
KE-2400198,04/12/2023,MOF,Ministry of Finance,2211407,Cleaning and fumigation - health facilities,Public Health Institute,5775.91,BANK_TRANSFER
KE-2400199,04/10/2023,MOH,Ministry of Health,2211103,vaccines,NextGen IT,328197.23,BANK_TRANSFER
KE-2400200,17/04/2024,MOF,Ministry of Finance,2211103,Vaccines,United Diagnostics,1482856.12,CHEQUE
KE-2400201,02/06/2024,MOFA,Ministry of Family Affairs,2211308,Youth SRH counselling services,NextGen IT,1519010.5,BANK_TRANSFER
KE-2400202,29/07/2023,MOF,Ministry of Finance,2110101,Basic salaries - permanent employees,Public Health Institute,1994670.96,CHEQUE
KE-2400203,23/07/2023,MOF,Ministry of Finance,2211404,SGBV survivor support services,SafeWater Kenya,8901.76,CHEQUE
KE-2400204,27/10/2023,MOH,Ministry of Health,2211201,Laboratory reagents,BuildRight Contractors,22661.7,MOBILE_MONEY
KE-2400205,11/05/2024,MOE,Ministry of Education,2211308,Youth SRH counselling services,TechnoServ Africa,605792.35,BANK_TRANSFER
KE-2400206,03/12/2023,MOH,Ministry of Health,2211105,hiv test kits and arvs,Highlands Print Works,254661.14,CHEQUE
KE-2400207,29/05/2024,MOI,Ministry of Interior,2211103,Vaccines,Nile Motors,108474.47,BANK_TRANSFER
KE-2400208,06/11/2023,MOH,Ministry of Health,2211308,Youth SRH counselling services,SafeWater Kenya,122779.93,BANK_TRANSFER
KE-2400209,27/05/2024,MOFA,Ministry of Family Affairs,2211511,Printing and stationery,Sunrise Cleaning Services,33348.81,MOBILE_MONEY
KE-2400210,06/06/2024,MOFA,Ministry of Family Affairs,2211320,Cervical cancer screening,TechnoServ Africa,79222.83,MOBILE_MONEY
KE-2400211,16/02/2024,MOFA,Ministry of Family Affairs,2211201,Laboratory reagents,Highlands Print Works,22338.58,CHEQUE
KE-2400212,14/08/2023,MOI,Ministry of Interior,2211320,Cervical cancer screening,Highlands Print Works,258043.71,CHEQUE
KE-2400213,19/01/2024,MOF,Ministry of Finance,2210201,Communication supplies,Nile Motors,,BANK_TRANSFER
KE-2400214,27/03/2024,MOFA,Ministry of Family Affairs,2211110,Maternity supplies and delivery kits,Regional Bank Services,353112.47,CHEQUE
KE-2400215,03/10/2023,MOH,Ministry of Health,2211101,MEDICAL DRUGS,Sunrise Cleaning Services,1706.36,CHEQUE
KE-2400216,24/01/2024,MOH,Ministry of Health,2211102,Contraceptives and family planning commodities,Highlands Print Works,1774.43,MOBILE_MONEY
KE-2400217,08/09/2023,MOFA,Ministry of Family Affairs,2211105,HIV test kits and ARVs,Nile Motors,21924.18,MOBILE_MONEY
KE-2400218,29/06/2024,MOI,Ministry of Interior,2211404,SGBV survivor support services,TransAfrica Logistics,813872.64,MOBILE_MONEY
KE-2400219,25/10/2023,MOH,Ministry of Health,2210301,Domestic travel,GreenLeaf Consultancy,2435.34,CHEQUE
KE-2400220,08/03/2024,MOF,Ministry of Finance,2211201,Laboratory reagents,PharmaWest Africa,2614.85,BANK_TRANSFER
KE-2400221,28/01/2024,MOH,Ministry of Health,2211407,Cleaning and fumigation - health facilities,GreenLeaf Consultancy,"""4,370.30""",MOBILE_MONEY
KE-2400222,21/08/2023,MOE,Ministry of Education,2210201,Communication supplies,TechnoServ Africa,503567.51,CHEQUE
KE-2400223,24/07/2023,MOF,Ministry of Finance,2210201,Communication supplies,Nile Motors,20818.86,BANK_TRANSFER
KE-2400224,26/04/2024,MOF,Ministry of Finance,2210201,Communication supplies,MedSupplies Ltd,127717.04,BANK_TRANSFER
KE-2400225,25/05/2024,MOF,Ministry of Finance,2211199,General medical consumables,GreenLeaf Consultancy,639088.15,BANK_TRANSFER
KE-2400226,03/03/2024,MOFA,Ministry of Family Affairs,2211501,Refined fuels,Highlands Print Works,134997.76,MOBILE_MONEY
KE-2400227,08/09/2023,MOI,Ministry of Interior,2211501,Refined fuels,Sunrise Cleaning Services,229935.16,MOBILE_MONEY
KE-2400228,20/02/2024,MOE,Ministry of Education,2211305,Immunisation outreach,Vitalis Pharma,363678.42,BANK_TRANSFER
KE-2400229,20/08/2023,MOI,Ministry of Interior,2211101,Medical drugs,PharmaWest Africa,2495.27,CHEQUE
KE-2400230,18/07/2023,MOE,Ministry of Education,2211305,Immunisation outreach,Sunrise Cleaning Services,721638.47,MOBILE_MONEY
KE-2400231,04/09/2023,MOF,Ministry of Finance,3110701,Purchase of vehicles - ambulances,Modern Office Systems,103405.14,BANK_TRANSFER
KE-2400232,10/02/2024,MOH,Ministry of Health,2211407,Cleaning and fumigation - health facilities,PharmaWest Africa,18249.44,MOBILE_MONEY
KE-2400233,30/07/2023,MOH,Ministry of Health,2211320,Cervical cancer screening,Nile Motors,3639.33,CHEQUE
KE-2400234,09/12/2023,MOF,Ministry of Finance,2211103,Vaccines,Public Health Institute,557121.69,MOBILE_MONEY
KE-2400235,31/05/2024,MOE,Ministry of Education,2211102,Contraceptives and family planning commodities,Public Health Institute,275719.82,MOBILE_MONEY
KE-2400236,08/12/2023,MOH,Ministry of Health,2211110,Maternity supplies and delivery kits,SafeWater Kenya,1734812.0,MOBILE_MONEY
KE-2400237,02/12/2023,MOE,Ministry of Education,2211105,HIV test kits and ARVs,Nile Motors,5814.05,BANK_TRANSFER
KE-2400238,11/03/2024,MOI,Ministry of Interior,2211305,Immunisation outreach,United Diagnostics,1314.69,CHEQUE
KE-2400239,05/10/2023,MOFA,Ministry of Family Affairs,2211511,Printing and stationery,Vitalis Pharma,-6009.98,CHEQUE
KE-2400240,20/12/2023,MOI,Ministry of Interior,2211110,Maternity supplies and delivery kits,Nile Motors,33192.25,CHEQUE
KE-2400241,06/03/2024,MOFA,Ministry of Family Affairs,2211511,Printing and stationery,Nile Motors,-15869.42,CHEQUE
KE-2400242,09/09/2023,MOF,Ministry of Finance,2211110,Maternity supplies and delivery kits,SafeWater Kenya,,CHEQUE
KE-2400243,17/04/2024,MOE,Ministry of Education,2211101,MEDICAL DRUGS,Sunrise Cleaning Services,1848.95,MOBILE_MONEY
KE-2400244,15/09/2023,MOI,Ministry of Interior,2211501,Refined fuels,Vitalis Pharma,832094.46,CHEQUE
KE-2400245,07/04/2024,MOFA,Ministry of Family Affairs,2211320,Cervical cancer screening,Vitalis Pharma,8035.15,BANK_TRANSFER
KE-2400246,18/11/2023,MOF,Ministry of Finance,2210201,Communication supplies,United Diagnostics,307830.37,BANK_TRANSFER
KE-2400247,13/02/2024,MOI,Ministry of Interior,2210301,Domestic travel,PharmaWest Africa,3324.37,MOBILE_MONEY
KE-2400248,03/07/2023,MOFA,Ministry of Family Affairs,2110101,Basic salaries - permanent employees,MedSupplies Ltd,2408.88,MOBILE_MONEY
KE-2400249,04/11/2023,MOI,Ministry of Interior,3110101,Construction of buildings - health facilities,Public Health Institute,2631.57,CHEQUE
KE-2400250,25/02/2024,MOI,Ministry of Interior,2211105,HIV TEST KITS AND ARVS,BuildRight Contractors,"""506,796.25""",MOBILE_MONEY
KE-2400251,05/01/2024,MOFA,Ministry of Family Affairs,3110701,Purchase of vehicles - ambulances,Sunrise Cleaning Services,55624.52,MOBILE_MONEY
KE-2400252,29/10/2023,MOI,Ministry of Interior,2211305,Immunisation outreach,Sunrise Cleaning Services,1519.19,MOBILE_MONEY
KE-2400253,01/07/2023,MOE,Ministry of Education,2211407,Cleaning and fumigation - health facilities,MedSupplies Ltd,534991.98,BANK_TRANSFER
KE-2400254,18/08/2023,MOF,Ministry of Finance,2110101,Basic salaries - permanent employees,Modern Office Systems,2532.02,MOBILE_MONEY
KE-2400255,21/04/2024,MOE,Ministry of Education,2211306,Antenatal outreach services,Public Health Institute,579952.25,BANK_TRANSFER
KE-2400256,19/11/2023,MOI,Ministry of Interior,2211511,Printing and stationery,Modern Office Systems,952376.3,MOBILE_MONEY
KE-2400257,01/05/2024,MOE,Ministry of Education,2211201,Laboratory reagents,Sunrise Cleaning Services,113242.99,CHEQUE
KE-2400258,22/05/2024,MOH,Ministry of Health,2211102,Contraceptives and family planning commodities,PharmaWest Africa,1628310.3,CHEQUE
KE-2400259,26/07/2023,MOI,Ministry of Interior,2110101,Basic salaries - permanent employees,Care Foundation,1145291.18,BANK_TRANSFER
KE-2400260,07/05/2024,MOF,Ministry of Finance,2211320,Cervical cancer screening,TechnoServ Africa,944.82,MOBILE_MONEY
KE-2400261,27/01/2024,MOE,Ministry of Education,2211110,Maternity supplies and delivery kits,MedSupplies Ltd,4660.88,BANK_TRANSFER
KE-2400262,12/05/2024,MOI,Ministry of Interior,2211103,Vaccines,Vitalis Pharma,3106.2,BANK_TRANSFER
KE-2400263,02/01/2024,MOI,Ministry of Interior,2211407,Cleaning and fumigation - health facilities,SafeWater Kenya,683964.78,CHEQUE
KE-2400264,21/11/2023,MOH,Ministry of Health,2211101,Medical drugs,TechnoServ Africa,885010.15,CHEQUE
KE-2400265,26/01/2024,MOH,Ministry of Health,2211105,HIV test kits and ARVs,BuildRight Contractors,3976.04,CHEQUE
KE-2400266,31/07/2023,MOE,Ministry of Education,2211404,SGBV survivor support services,Nile Motors,7700.55,MOBILE_MONEY
KE-2400267,10/08/2023,MOH,Ministry of Health,2211407,Cleaning and fumigation - health facilities,TransAfrica Logistics,157381.68,BANK_TRANSFER
KE-2400268,26/07/2023,MOE,Ministry of Education,2211201,Laboratory reagents,GreenLeaf Consultancy,,MOBILE_MONEY
KE-2400269,05/05/2024,MOFA,Ministry of Family Affairs,2210301,Domestic travel,United Diagnostics,1750.93,CHEQUE
KE-2400270,10/01/2024,MOF,Ministry of Finance,2211305,Immunisation outreach,Modern Office Systems,7866.83,BANK_TRANSFER
KE-2400271,06/12/2023,MOH,Ministry of Health,2211102,Contraceptives and family planning commodities,TransAfrica Logistics,233317.63,BANK_TRANSFER
KE-2400272,03/04/2024,MOI,Ministry of Interior,3110701,Purchase of vehicles - ambulances,BuildRight Contractors,1399.54,BANK_TRANSFER
KE-2400273,10/06/2024,MOF,Ministry of Finance,2211320,Cervical cancer screening,TransAfrica Logistics,1196747.92,BANK_TRANSFER
KE-2400274,01/04/2024,MOFA,Ministry of Family Affairs,3110101,Construction of buildings - health facilities,Care Foundation,171790.71,BANK_TRANSFER
KE-2400275,06/06/2024,MOF,Ministry of Finance,2211103,Vaccines,Vitalis Pharma,928121.81,BANK_TRANSFER
KE-2400276,14/12/2023,MOI,Ministry of Interior,2211101,Medical drugs,MediPlus Distributors,,BANK_TRANSFER
KE-2400277,20/01/2024,MOF,Ministry of Finance,2211102,contraceptives and family planning commodities,Public Health Institute,1228211.43,BANK_TRANSFER
KE-2400278,16/12/2023,MOH,Ministry of Health,3110101,Construction of buildings - health facilities,PharmaWest Africa,80048.27,BANK_TRANSFER
KE-2400279,31/01/2024,MOE,Ministry of Education,2211110,Maternity supplies and delivery kits,SafeWater Kenya,943.7,BANK_TRANSFER
KE-2400280,21/04/2024,MOE,Ministry of Education,2211103,Vaccines,PharmaWest Africa,107692.78,CHEQUE
KE-2400281,05/06/2024,MOI,Ministry of Interior,2211102,Contraceptives and family planning commodities,MediPlus Distributors,928919.65,MOBILE_MONEY
KE-2400282,27/12/2023,MOFA,Ministry of Family Affairs,2211201,Laboratory reagents,NextGen IT,67621.7,BANK_TRANSFER
KE-2400283,21/03/2024,MOE,Ministry of Education,2211110,Maternity supplies and delivery kits,PharmaWest Africa,1811742.8,MOBILE_MONEY
KE-2400284,15/11/2023,MOF,Ministry of Finance,2211110,Maternity supplies and delivery kits,TechnoServ Africa,3860.07,MOBILE_MONEY
KE-2400285,07/03/2024,MOFA,Ministry of Family Affairs,2211102,Contraceptives and family planning commodities,MediPlus Distributors,139000.76,CHEQUE
KE-2400286,24/04/2024,MOE,Ministry of Education,2211201,Laboratory reagents,Public Health Institute,143032.93,BANK_TRANSFER
KE-2400287,16/02/2024,MOF,Ministry of Finance,2210201,Communication supplies,Modern Office Systems,142510.16,CHEQUE
KE-2400288,23/10/2023,MOF,Ministry of Finance,3110101,Construction of buildings - health facilities,Highlands Print Works,1658865.25,MOBILE_MONEY
KE-2400289,12/04/2024,MOI,Ministry of Interior,2210201,COMMUNICATION SUPPLIES,PharmaWest Africa,573205.86,BANK_TRANSFER
KE-2400290,25/03/2024,MOE,Ministry of Education,2211308,Youth SRH counselling services,BuildRight Contractors,169005.01,MOBILE_MONEY
KE-2400291,29/10/2023,MOE,Ministry of Education,2211110,Maternity supplies and delivery kits,SafeWater Kenya,35398.2,MOBILE_MONEY
KE-2400292,14/07/2023,MOI,Ministry of Interior,2210301,Domestic travel,SafeWater Kenya,744953.41,MOBILE_MONEY
KE-2400293,15/08/2023,MOFA,Ministry of Family Affairs,2211404,SGBV survivor support services,GreenLeaf Consultancy,612332.06,MOBILE_MONEY
KE-2400294,30/09/2023,MOFA,Ministry of Family Affairs,2211101,Medical drugs,Modern Office Systems,257131.63,CHEQUE
KE-2400295,20/04/2024,MOI,Ministry of Interior,2211511,Printing and stationery,BuildRight Contractors,310094.07,CHEQUE
KE-2400296,10/11/2023,MOFA,Ministry of Family Affairs,2211404,SGBV survivor support services,Sunrise Cleaning Services,26497.58,BANK_TRANSFER
KE-2400297,18/05/2024,MOFA,Ministry of Family Affairs,2211407,Cleaning and fumigation - health facilities,Public Health Institute,289592.21,MOBILE_MONEY
KE-2400298,04/08/2023,MOE,Ministry of Education,2211101,Medical drugs,BuildRight Contractors,4020.02,MOBILE_MONEY
KE-2400299,21/09/2023,MOI,Ministry of Interior,2211501,Refined fuels,MedSupplies Ltd,1597445.64,CHEQUE
KE-2400300,16/03/2024,MOH,Ministry of Health,2211404,SGBV survivor support services,PharmaWest Africa,30770.8,MOBILE_MONEY
KE-2400301,16/02/2024,MOF,Ministry of Finance,2210301,Domestic travel,Vitalis Pharma,2218.07,CHEQUE
KE-2400302,09/01/2024,MOE,Ministry of Education,3110101,Construction of buildings - health facilities,MedSupplies Ltd,15061.0,BANK_TRANSFER
KE-2400303,09/02/2024,MOF,Ministry of Finance,3110101,Construction of buildings - health facilities,Public Health Institute,1765110.31,CHEQUE
KE-2400304,06/07/2023,MOE,Ministry of Education,2211305,Immunisation outreach,Public Health Institute,1963769.92,MOBILE_MONEY
KE-2400305,13/11/2023,MOFA,Ministry of Family Affairs,2211102,contraceptives and family planning commodities,MedSupplies Ltd,18505.09,BANK_TRANSFER
KE-2400306,28/11/2023,MOH,Ministry of Health,2211308,Youth SRH counselling services,TechnoServ Africa,305970.34,MOBILE_MONEY
KE-2400307,10/08/2023,MOFA,Ministry of Family Affairs,2210201,Communication supplies,Modern Office Systems,878721.47,MOBILE_MONEY
KE-2400308,15/04/2024,MOE,Ministry of Education,2210301,Domestic travel,Sunrise Cleaning Services,523591.83,MOBILE_MONEY
KE-2400309,09/10/2023,MOF,Ministry of Finance,2211308,Youth SRH counselling services,PharmaWest Africa,831759.32,BANK_TRANSFER
KE-2400310,23/09/2023,MOF,Ministry of Finance,2211110,Maternity supplies and delivery kits,Vitalis Pharma,143168.53,CHEQUE
KE-2400311,01/07/2023,MOFA,Ministry of Family Affairs,2211404,SGBV survivor support services,GreenLeaf Consultancy,17757.04,MOBILE_MONEY
KE-2400312,27/12/2023,MOH,Ministry of Health,2211407,CLEANING AND FUMIGATION - HEALTH FACILITIES,Nile Motors,711292.81,MOBILE_MONEY
KE-2400313,25/02/2024,MOE,Ministry of Education,2211501,Refined fuels,TransAfrica Logistics,628068.76,CHEQUE
KE-2400314,18/03/2024,MOE,Ministry of Education,2211201,Laboratory reagents,Modern Office Systems,163378.54,MOBILE_MONEY
KE-2400315,29/01/2024,MOFA,Ministry of Family Affairs,2211511,Printing and stationery,United Diagnostics,24697.02,MOBILE_MONEY
KE-2400316,22/02/2024,MOE,Ministry of Education,2211501,Refined fuels,NextGen IT,148930.03,BANK_TRANSFER
KE-2400317,22/07/2023,MOI,Ministry of Interior,3110701,PURCHASE OF VEHICLES - AMBULANCES,Nile Motors,4368.43,MOBILE_MONEY
KE-2400318,01/07/2023,MOF,Ministry of Finance,2211101,Medical drugs,NextGen IT,27278.87,BANK_TRANSFER
KE-2400319,11/01/2024,MOFA,Ministry of Family Affairs,2211199,General medical consumables,Public Health Institute,1985.02,MOBILE_MONEY
KE-2400320,13/07/2023,MOI,Ministry of Interior,3110701,Purchase of vehicles - ambulances,Public Health Institute,243073.44,MOBILE_MONEY
KE-2400321,27/07/2023,MOE,Ministry of Education,2211199,General medical consumables,MediPlus Distributors,923184.61,BANK_TRANSFER
KE-2400322,19/06/2024,MOH,Ministry of Health,2211201,Laboratory reagents,Regional Bank Services,2339.97,MOBILE_MONEY
KE-2400323,19/12/2023,MOI,Ministry of Interior,2211501,Refined fuels,Care Foundation,1347.04,BANK_TRANSFER
KE-2400324,31/08/2023,MOF,Ministry of Finance,2211103,Vaccines,SafeWater Kenya,17711.93,MOBILE_MONEY
KE-2400325,05/04/2024,MOFA,Ministry of Family Affairs,2211101,Medical drugs,United Diagnostics,351686.77,CHEQUE
KE-2400326,06/07/2023,MOFA,Ministry of Family Affairs,2110101,Basic salaries - permanent employees,Highlands Print Works,1070596.87,BANK_TRANSFER
KE-2400327,08/05/2024,MOI,Ministry of Interior,2110101,Basic salaries - permanent employees,Sunrise Cleaning Services,15616.75,BANK_TRANSFER
KE-2400328,06/08/2023,MOF,Ministry of Finance,2210301,Domestic travel,TechnoServ Africa,276239.34,CHEQUE
KE-2400329,20/03/2024,MOH,Ministry of Health,2210201,Communication supplies,Regional Bank Services,80909.23,MOBILE_MONEY
KE-2400330,31/07/2023,MOH,Ministry of Health,2211305,Immunisation outreach,Regional Bank Services,1995487.22,MOBILE_MONEY
KE-2400331,18/03/2024,MOFA,Ministry of Family Affairs,2211511,Printing and stationery,Care Foundation,958.47,BANK_TRANSFER
KE-2400332,04/10/2023,MOF,Ministry of Finance,2211105,HIV test kits and ARVs,PharmaWest Africa,75380.64,CHEQUE
KE-2400333,05/12/2023,MOFA,Ministry of Family Affairs,2211320,Cervical cancer screening,SafeWater Kenya,6167.58,CHEQUE
KE-2400334,06/04/2024,MOF,Ministry of Finance,2211404,SGBV survivor support services,United Diagnostics,23148.64,BANK_TRANSFER
KE-2400335,09/04/2024,MOFA,Ministry of Family Affairs,2211511,Printing and stationery,Vitalis Pharma,4398.19,CHEQUE
KE-2400336,04/11/2023,MOE,Ministry of Education,2211102,Contraceptives and family planning commodities,Highlands Print Works,22306.38,CHEQUE
KE-2400337,26/10/2023,MOI,Ministry of Interior,2211501,Refined fuels,TechnoServ Africa,1659.09,MOBILE_MONEY
KE-2400338,23/11/2023,MOE,Ministry of Education,2211404,SGBV survivor support services,Regional Bank Services,4632.34,BANK_TRANSFER
KE-2400339,06/05/2024,MOFA,Ministry of Family Affairs,2211404,SGBV survivor support services,United Diagnostics,202873.32,CHEQUE
KE-2400340,28/08/2023,MOI,Ministry of Interior,2211101,MEDICAL DRUGS,BuildRight Contractors,1270893.96,BANK_TRANSFER
KE-2400341,08/10/2023,MOE,Ministry of Education,2211201,Laboratory reagents,Vitalis Pharma,1795423.75,CHEQUE
KE-2400342,22/03/2024,MOE,Ministry of Education,2211105,HIV test kits and ARVs,TransAfrica Logistics,20475.33,MOBILE_MONEY
KE-2400343,28/06/2024,MOI,Ministry of Interior,2211199,General medical consumables,SafeWater Kenya,81739.61,BANK_TRANSFER
KE-2400344,27/06/2024,MOH,Ministry of Health,2211103,Vaccines,SafeWater Kenya,498532.28,BANK_TRANSFER
KE-2400345,25/05/2024,MOI,Ministry of Interior,2211407,CLEANING AND FUMIGATION - HEALTH FACILITIES,PharmaWest Africa,19814.19,BANK_TRANSFER
KE-2400346,24/06/2024,MOI,Ministry of Interior,2210301,DOMESTIC TRAVEL,Public Health Institute,6180.98,MOBILE_MONEY
KE-2400347,25/02/2024,MOE,Ministry of Education,2211199,General medical consumables,Care Foundation,7230.0,BANK_TRANSFER
KE-2400348,03/01/2024,MOH,Ministry of Health,2211101,Medical drugs,SafeWater Kenya,6659.04,CHEQUE
KE-2400349,01/09/2023,MOFA,Ministry of Family Affairs,2210301,Domestic travel,NextGen IT,8355.05,CHEQUE
KE-2400350,26/01/2024,MOH,Ministry of Health,3110701,Purchase of vehicles - ambulances,Sunrise Cleaning Services,8056.06,CHEQUE
KE-2400351,23/10/2023,MOE,Ministry of Education,2211306,Antenatal outreach services,GreenLeaf Consultancy,1774055.19,BANK_TRANSFER
KE-2400352,29/03/2024,MOI,Ministry of Interior,2211308,Youth SRH counselling services,Vitalis Pharma,131638.42,MOBILE_MONEY
KE-2400353,05/05/2024,MOF,Ministry of Finance,3110701,Purchase of vehicles - ambulances,Care Foundation,-851259.6,BANK_TRANSFER
KE-2400354,11/01/2024,MOH,Ministry of Health,2210201,Communication supplies,Regional Bank Services,382403.06,MOBILE_MONEY
KE-2400355,30/03/2024,MOH,Ministry of Health,2211308,Youth SRH counselling services,Care Foundation,970.45,CHEQUE
KE-2400356,05/05/2024,MOFA,Ministry of Family Affairs,2110101,Basic salaries - permanent employees,Public Health Institute,129105.28,CHEQUE
KE-2400357,14/02/2024,MOH,Ministry of Health,2211320,cervical cancer screening,SafeWater Kenya,1239852.8,BANK_TRANSFER
KE-2400358,07/01/2024,MOF,Ministry of Finance,2211105,HIV test kits and ARVs,United Diagnostics,2381.12,BANK_TRANSFER
KE-2400359,01/08/2023,MOE,Ministry of Education,2210301,Domestic travel,Vitalis Pharma,35378.02,BANK_TRANSFER
KE-2400360,20/09/2023,MOFA,Ministry of Family Affairs,2211320,Cervical cancer screening,United Diagnostics,7045.71,CHEQUE
KE-2400361,05/09/2023,MOH,Ministry of Health,2211407,Cleaning and fumigation - health facilities,Sunrise Cleaning Services,1922646.93,BANK_TRANSFER
KE-2400362,16/05/2024,MOI,Ministry of Interior,3110101,Construction of buildings - health facilities,Vitalis Pharma,124901.8,CHEQUE
KE-2400363,06/07/2023,MOH,Ministry of Health,2211103,Vaccines,NextGen IT,94424.51,BANK_TRANSFER
KE-2400364,24/09/2023,MOH,Ministry of Health,2210201,Communication supplies,Highlands Print Works,227641.0,CHEQUE
KE-2400365,25/02/2024,MOH,Ministry of Health,2211320,Cervical cancer screening,Nile Motors,8451.18,BANK_TRANSFER
KE-2400366,07/06/2024,MOH,Ministry of Health,2210201,Communication supplies,TechnoServ Africa,135972.41,BANK_TRANSFER
KE-2400367,20/10/2023,MOE,Ministry of Education,2211320,Cervical cancer screening,Nile Motors,75756.28,MOBILE_MONEY
KE-2400368,10/05/2024,MOFA,Ministry of Family Affairs,2211305,Immunisation outreach,SafeWater Kenya,1769779.02,MOBILE_MONEY
KE-2400369,08/06/2024,MOH,Ministry of Health,2211511,Printing and stationery,Nile Motors,1311.41,BANK_TRANSFER
KE-2400370,26/12/2023,MOI,Ministry of Interior,2210301,Domestic travel,BuildRight Contractors,480680.2,BANK_TRANSFER
KE-2400371,11/12/2023,MOF,Ministry of Finance,2211511,Printing and stationery,GreenLeaf Consultancy,546174.27,CHEQUE
KE-2400372,03/06/2024,MOFA,Ministry of Family Affairs,2211320,Cervical cancer screening,MediPlus Distributors,106686.13,MOBILE_MONEY
KE-2400373,15/01/2024,MOH,Ministry of Health,2211407,Cleaning and fumigation - health facilities,United Diagnostics,1598542.38,CHEQUE
KE-2400374,25/10/2023,MOE,Ministry of Education,2210301,Domestic travel,Care Foundation,-834186.59,MOBILE_MONEY
KE-2400375,07/02/2024,MOH,Ministry of Health,2211511,Printing and stationery,Regional Bank Services,2450.37,MOBILE_MONEY
KE-2400376,20/12/2023,MOE,Ministry of Education,2211103,Vaccines,Sunrise Cleaning Services,666491.08,MOBILE_MONEY
KE-2400377,28/06/2024,MOI,Ministry of Interior,2210301,Domestic travel,Sunrise Cleaning Services,1052.13,BANK_TRANSFER
KE-2400378,07/01/2024,MOE,Ministry of Education,2210201,Communication supplies,BuildRight Contractors,82140.96,CHEQUE
KE-2400379,01/04/2024,MOH,Ministry of Health,2211511,Printing and stationery,Modern Office Systems,7331.99,CHEQUE
KE-2400380,24/06/2024,MOFA,Ministry of Family Affairs,2211101,Medical drugs,United Diagnostics,8079.58,MOBILE_MONEY
KE-2400381,31/01/2024,MOH,Ministry of Health,2211511,Printing and stationery,MediPlus Distributors,2568.99,MOBILE_MONEY
KE-2400382,05/04/2024,MOFA,Ministry of Family Affairs,2211102,Contraceptives and family planning commodities,MediPlus Distributors,288558.55,CHEQUE
KE-2400383,09/02/2024,MOE,Ministry of Education,2211501,Refined fuels,Vitalis Pharma,978.79,CHEQUE
KE-2400384,09/04/2024,MOE,Ministry of Education,2211404,SGBV survivor support services,NextGen IT,133014.02,BANK_TRANSFER
KE-2400385,12/07/2023,MOFA,Ministry of Family Affairs,2211407,Cleaning and fumigation - health facilities,Sunrise Cleaning Services,15562.82,BANK_TRANSFER
KE-2400386,05/04/2024,MOF,Ministry of Finance,3110101,Construction of buildings - health facilities,Nile Motors,2132372.75,CHEQUE
KE-2400387,20/02/2024,MOH,Ministry of Health,2211306,Antenatal outreach services,SafeWater Kenya,300912.35,MOBILE_MONEY
KE-2400388,12/04/2024,MOH,Ministry of Health,2211305,Immunisation outreach,NextGen IT,30329.18,BANK_TRANSFER
KE-2400389,02/07/2023,MOF,Ministry of Finance,2211305,Immunisation outreach,Vitalis Pharma,119287.11,CHEQUE
KE-2400390,15/01/2024,MOI,Ministry of Interior,2211320,Cervical cancer screening,Sunrise Cleaning Services,8961.1,CHEQUE
KE-2400391,05/11/2023,MOH,Ministry of Health,2211320,Cervical cancer screening,GreenLeaf Consultancy,1403395.74,BANK_TRANSFER
KE-2400392,10/11/2023,MOH,Ministry of Health,2211199,General medical consumables,Vitalis Pharma,695496.6,MOBILE_MONEY
KE-2400393,24/02/2024,MOFA,Ministry of Family Affairs,2211308,Youth SRH counselling services,TechnoServ Africa,288885.95,BANK_TRANSFER
KE-2400394,10/07/2023,MOE,Ministry of Education,2211320,Cervical cancer screening,Highlands Print Works,176806.45,MOBILE_MONEY
KE-2400395,18/06/2024,MOI,Ministry of Interior,2211306,ANTENATAL OUTREACH SERVICES,Care Foundation,97070.55,MOBILE_MONEY
KE-2400396,02/04/2024,MOI,Ministry of Interior,2211305,immunisation outreach,MedSupplies Ltd,8306.27,CHEQUE
KE-2400397,14/08/2023,MOE,Ministry of Education,2211308,Youth SRH counselling services,GreenLeaf Consultancy,3458.31,BANK_TRANSFER
KE-2400398,29/05/2024,MOFA,Ministry of Family Affairs,2211404,SGBV survivor support services,TransAfrica Logistics,1618582.86,MOBILE_MONEY
KE-2400399,22/02/2024,MOF,Ministry of Finance,2211102,Contraceptives and family planning commodities,MedSupplies Ltd,352931.44,BANK_TRANSFER
KE-2400400,02/12/2023,MOF,Ministry of Finance,2110101,Basic salaries - permanent employees,MediPlus Distributors,-625983.64,MOBILE_MONEY
KE-2400401,17/05/2024,MOFA,Ministry of Family Affairs,2211308,youth srh counselling services,Highlands Print Works,2551.12,MOBILE_MONEY
KE-2400402,12/03/2024,MOE,Ministry of Education,2211199,General medical consumables,Nile Motors,1467214.39,BANK_TRANSFER
KE-2400403,29/02/2024,MOF,Ministry of Finance,2110101,Basic salaries - permanent employees,Nile Motors,305172.06,CHEQUE
KE-2400404,30/10/2023,MOF,Ministry of Finance,2211201,Laboratory reagents,GreenLeaf Consultancy,1734795.71,BANK_TRANSFER
KE-2400405,15/10/2023,MOI,Ministry of Interior,2210301,Domestic travel,TransAfrica Logistics,320832.65,BANK_TRANSFER
KE-2400406,26/12/2023,MOE,Ministry of Education,2211305,immunisation outreach,MedSupplies Ltd,369015.34,BANK_TRANSFER
KE-2400407,28/10/2023,MOE,Ministry of Education,2211102,Contraceptives and family planning commodities,TransAfrica Logistics,73093.42,BANK_TRANSFER
KE-2400408,14/12/2023,MOI,Ministry of Interior,2211501,Refined fuels,Regional Bank Services,193110.36,CHEQUE
KE-2400409,19/12/2023,MOI,Ministry of Interior,2211101,Medical drugs,MedSupplies Ltd,6330.47,CHEQUE
KE-2400410,30/08/2023,MOH,Ministry of Health,2211105,HIV test kits and ARVs,SafeWater Kenya,18316.05,BANK_TRANSFER
KE-2400411,22/11/2023,MOFA,Ministry of Family Affairs,2211102,Contraceptives and family planning commodities,United Diagnostics,273484.33,CHEQUE
KE-2400412,20/09/2023,MOH,Ministry of Health,2211199,General medical consumables,Vitalis Pharma,34709.08,MOBILE_MONEY
KE-2400413,08/04/2024,MOI,Ministry of Interior,2211501,Refined fuels,GreenLeaf Consultancy,744865.68,BANK_TRANSFER
KE-2400414,19/06/2024,MOH,Ministry of Health,2211105,HIV test kits and ARVs,Sunrise Cleaning Services,18270.43,BANK_TRANSFER
KE-2400415,13/08/2023,MOI,Ministry of Interior,2211404,SGBV survivor support services,United Diagnostics,5070.21,BANK_TRANSFER
KE-2400416,10/04/2024,MOF,Ministry of Finance,3110101,Construction of buildings - health facilities,Highlands Print Works,1025779.33,BANK_TRANSFER
KE-2400417,23/06/2024,MOI,Ministry of Interior,2211404,SGBV survivor support services,MedSupplies Ltd,5989.9,MOBILE_MONEY
KE-2400418,29/05/2024,MOF,Ministry of Finance,2110101,Basic salaries - permanent employees,MediPlus Distributors,275733.32,BANK_TRANSFER
KE-2400419,29/04/2024,MOE,Ministry of Education,2211511,PRINTING AND STATIONERY,MedSupplies Ltd,588498.76,CHEQUE
KE-2400420,27/07/2023,MOF,Ministry of Finance,2211306,Antenatal outreach services,GreenLeaf Consultancy,726794.83,CHEQUE
KE-2400421,08/09/2023,MOF,Ministry of Finance,2210301,Domestic travel,Nile Motors,279779.85,CHEQUE
KE-2400422,22/11/2023,MOH,Ministry of Health,2210201,Communication supplies,Care Foundation,324837.19,MOBILE_MONEY
KE-2400423,26/05/2024,MOI,Ministry of Interior,2210201,Communication supplies,Care Foundation,12025.34,MOBILE_MONEY
KE-2400424,09/11/2023,MOI,Ministry of Interior,2211101,Medical drugs,Highlands Print Works,5338.71,BANK_TRANSFER
KE-2400425,10/07/2023,MOI,Ministry of Interior,2211201,Laboratory reagents,PharmaWest Africa,17022.01,CHEQUE
KE-2400426,23/02/2024,MOH,Ministry of Health,2211320,Cervical cancer screening,Highlands Print Works,1563.95,MOBILE_MONEY
KE-2400427,17/08/2023,MOH,Ministry of Health,2211105,HIV test kits and ARVs,MedSupplies Ltd,608800.47,BANK_TRANSFER
KE-2400428,23/04/2024,MOH,Ministry of Health,3110701,Purchase of vehicles - ambulances,Regional Bank Services,1254.16,MOBILE_MONEY
KE-2400429,19/02/2024,MOI,Ministry of Interior,2211110,Maternity supplies and delivery kits,United Diagnostics,-3117.01,MOBILE_MONEY
KE-2400430,19/08/2023,MOE,Ministry of Education,2211201,Laboratory reagents,NextGen IT,13191.54,BANK_TRANSFER
KE-2400431,26/08/2023,MOH,Ministry of Health,2211105,HIV test kits and ARVs,Regional Bank Services,269561.98,CHEQUE
KE-2400432,21/02/2024,MOI,Ministry of Interior,2210201,Communication supplies,GreenLeaf Consultancy,1926.94,CHEQUE
KE-2400433,12/08/2023,MOH,Ministry of Health,2211199,General medical consumables,GreenLeaf Consultancy,1149.12,CHEQUE
KE-2400434,29/10/2023,MOI,Ministry of Interior,2211105,HIV test kits and ARVs,Care Foundation,6953.86,MOBILE_MONEY
KE-2400435,26/09/2023,MOE,Ministry of Education,2110101,Basic salaries - permanent employees,NextGen IT,180327.01,CHEQUE
KE-2400436,14/07/2023,MOF,Ministry of Finance,2211308,Youth SRH counselling services,Vitalis Pharma,8384.36,CHEQUE
KE-2400437,24/11/2023,MOF,Ministry of Finance,2211199,General medical consumables,GreenLeaf Consultancy,872319.94,CHEQUE
KE-2400438,25/02/2024,MOH,Ministry of Health,2211305,Immunisation outreach,Sunrise Cleaning Services,406523.59,MOBILE_MONEY
KE-2400439,27/03/2024,MOI,Ministry of Interior,2211105,hiv test kits and arvs,Nile Motors,3204.0,CHEQUE
KE-2400440,21/04/2024,MOFA,Ministry of Family Affairs,2211201,Laboratory reagents,TransAfrica Logistics,270758.36,BANK_TRANSFER
KE-2400441,20/02/2024,MOF,Ministry of Finance,2211308,Youth SRH counselling services,NextGen IT,528747.72,CHEQUE
KE-2400442,02/12/2023,MOI,Ministry of Interior,2211511,Printing and stationery,PharmaWest Africa,818292.57,MOBILE_MONEY
KE-2400443,26/04/2024,MOH,Ministry of Health,3110701,Purchase of vehicles - ambulances,Modern Office Systems,1594.14,CHEQUE
KE-2400444,03/06/2024,MOE,Ministry of Education,2211105,HIV test kits and ARVs,Care Foundation,282651.77,MOBILE_MONEY
KE-2400445,20/03/2024,MOF,Ministry of Finance,2211201,Laboratory reagents,PharmaWest Africa,1598082.85,BANK_TRANSFER
KE-2400446,18/05/2024,MOH,Ministry of Health,2211201,Laboratory reagents,United Diagnostics,3445.61,BANK_TRANSFER
KE-2400447,21/01/2024,MOI,Ministry of Interior,2211105,HIV test kits and ARVs,GreenLeaf Consultancy,1413.11,BANK_TRANSFER
KE-2400448,11/05/2024,MOI,Ministry of Interior,2211201,Laboratory reagents,Sunrise Cleaning Services,-30101.36,BANK_TRANSFER
KE-2400449,17/01/2024,MOH,Ministry of Health,3110701,Purchase of vehicles - ambulances,PharmaWest Africa,345945.64,CHEQUE
KE-2400450,17/03/2024,MOI,Ministry of Interior,2210301,Domestic travel,SafeWater Kenya,2241.1,CHEQUE
KE-2400451,04/12/2023,MOI,Ministry of Interior,2211320,Cervical cancer screening,Care Foundation,1635654.12,CHEQUE
KE-2400452,12/03/2024,MOF,Ministry of Finance,2211110,Maternity supplies and delivery kits,MediPlus Distributors,131051.51,BANK_TRANSFER
KE-2400453,13/03/2024,MOFA,Ministry of Family Affairs,2211103,Vaccines,Public Health Institute,26135.31,CHEQUE
KE-2400454,07/08/2023,MOE,Ministry of Education,2211511,Printing and stationery,Care Foundation,292627.07,CHEQUE
KE-2400455,13/06/2024,MOE,Ministry of Education,2211102,Contraceptives and family planning commodities,MediPlus Distributors,15121.07,BANK_TRANSFER
KE-2400456,06/11/2023,MOFA,Ministry of Family Affairs,2211407,Cleaning and fumigation - health facilities,Nile Motors,1481.81,BANK_TRANSFER
KE-2400457,24/06/2024,MOI,Ministry of Interior,2211201,Laboratory reagents,United Diagnostics,77151.25,MOBILE_MONEY
KE-2400458,26/01/2024,MOI,Ministry of Interior,2110101,Basic salaries - permanent employees,NextGen IT,2665.34,BANK_TRANSFER
KE-2400459,24/07/2023,MOH,Ministry of Health,2210201,Communication supplies,Sunrise Cleaning Services,266212.55,CHEQUE
KE-2400460,12/09/2023,MOI,Ministry of Interior,2211308,Youth SRH counselling services,TransAfrica Logistics,1778367.27,BANK_TRANSFER
KE-2400461,23/11/2023,MOF,Ministry of Finance,3110101,Construction of buildings - health facilities,Sunrise Cleaning Services,7395.72,CHEQUE
KE-2400462,26/09/2023,MOE,Ministry of Education,2211105,HIV test kits and ARVs,MediPlus Distributors,89347.65,MOBILE_MONEY
KE-2400463,10/04/2024,MOE,Ministry of Education,2211306,Antenatal outreach services,Public Health Institute,21088.54,BANK_TRANSFER
KE-2400464,17/04/2024,MOH,Ministry of Health,2211305,Immunisation outreach,Care Foundation,4903.96,CHEQUE
KE-2400465,28/01/2024,MOI,Ministry of Interior,3110701,Purchase of vehicles - ambulances,Vitalis Pharma,862263.23,CHEQUE
KE-2400466,14/02/2024,MOI,Ministry of Interior,2211320,Cervical cancer screening,Public Health Institute,2361.52,MOBILE_MONEY
KE-2400467,24/08/2023,MOF,Ministry of Finance,2211103,vaccines,Vitalis Pharma,1446254.12,MOBILE_MONEY
KE-2400468,26/04/2024,MOE,Ministry of Education,3110101,Construction of buildings - health facilities,MediPlus Distributors,298319.24,BANK_TRANSFER
KE-2400469,02/01/2024,MOFA,Ministry of Family Affairs,2211308,Youth SRH counselling services,TechnoServ Africa,296358.15,MOBILE_MONEY
KE-2400470,26/07/2023,MOE,Ministry of Education,2110101,basic salaries - permanent employees,United Diagnostics,1834425.98,CHEQUE
KE-2400471,12/12/2023,MOF,Ministry of Finance,2211305,Immunisation outreach,GreenLeaf Consultancy,253455.02,BANK_TRANSFER
KE-2400472,08/09/2023,MOE,Ministry of Education,2211407,Cleaning and fumigation - health facilities,NextGen IT,376820.64,MOBILE_MONEY
KE-2400473,07/04/2024,MOH,Ministry of Health,2110101,Basic salaries - permanent employees,Sunrise Cleaning Services,2027.94,BANK_TRANSFER
KE-2400474,27/10/2023,MOE,Ministry of Education,2211306,Antenatal outreach services,BuildRight Contractors,33794.24,MOBILE_MONEY
KE-2400475,14/03/2024,MOF,Ministry of Finance,2211101,Medical drugs,Care Foundation,7311.09,BANK_TRANSFER
KE-2400476,24/08/2023,MOE,Ministry of Education,2211199,General medical consumables,MediPlus Distributors,78485.71,CHEQUE
KE-2400477,13/02/2024,MOI,Ministry of Interior,2210301,Domestic travel,Nile Motors,138316.53,CHEQUE
KE-2400478,09/08/2023,MOH,Ministry of Health,2211407,Cleaning and fumigation - health facilities,United Diagnostics,2690.95,CHEQUE
KE-2400479,30/06/2024,MOE,Ministry of Education,2211511,Printing and stationery,United Diagnostics,27960.7,MOBILE_MONEY
KE-2400480,18/07/2023,MOF,Ministry of Finance,2211201,Laboratory reagents,Care Foundation,12756.11,MOBILE_MONEY
KE-2400481,24/07/2023,MOH,Ministry of Health,2211308,Youth SRH counselling services,TechnoServ Africa,901603.82,BANK_TRANSFER
KE-2400482,16/12/2023,MOE,Ministry of Education,2211199,General medical consumables,Modern Office Systems,99715.18,MOBILE_MONEY
KE-2400483,10/07/2023,MOF,Ministry of Finance,2211306,Antenatal outreach services,Regional Bank Services,16551.49,MOBILE_MONEY
KE-2400484,25/02/2024,MOH,Ministry of Health,2211199,GENERAL MEDICAL CONSUMABLES,Highlands Print Works,26492.15,MOBILE_MONEY
KE-2400485,13/09/2023,MOF,Ministry of Finance,2211199,General medical consumables,Sunrise Cleaning Services,15914.59,BANK_TRANSFER
KE-2400486,27/09/2023,MOH,Ministry of Health,2211501,Refined fuels,Care Foundation,2595.14,MOBILE_MONEY
KE-2400487,17/03/2024,MOE,Ministry of Education,2211305,IMMUNISATION OUTREACH,Sunrise Cleaning Services,1523351.05,MOBILE_MONEY
KE-2400488,04/05/2024,MOF,Ministry of Finance,3110101,Construction of buildings - health facilities,BuildRight Contractors,34898.01,CHEQUE
KE-2400489,19/08/2023,MOI,Ministry of Interior,2211103,Vaccines,TransAfrica Logistics,384731.54,CHEQUE
KE-2400490,14/12/2023,MOFA,Ministry of Family Affairs,2211308,Youth SRH counselling services,NextGen IT,88836.59,BANK_TRANSFER
KE-2400491,29/09/2023,MOH,Ministry of Health,2211305,Immunisation outreach,Nile Motors,530312.23,CHEQUE
KE-2400492,04/03/2024,MOFA,Ministry of Family Affairs,3110701,Purchase of vehicles - ambulances,BuildRight Contractors,281986.86,MOBILE_MONEY
KE-2400493,26/09/2023,MOE,Ministry of Education,2210301,Domestic travel,MediPlus Distributors,69159.83,BANK_TRANSFER
KE-2400494,29/05/2024,MOE,Ministry of Education,2211407,Cleaning and fumigation - health facilities,Sunrise Cleaning Services,6456.11,BANK_TRANSFER
KE-2400495,09/12/2023,MOI,Ministry of Interior,2211102,CONTRACEPTIVES AND FAMILY PLANNING COMMODITIES,Public Health Institute,488977.77,BANK_TRANSFER
KE-2400496,12/06/2024,MOE,Ministry of Education,2211201,Laboratory reagents,PharmaWest Africa,1280002.07,CHEQUE
KE-2400497,19/05/2024,MOE,Ministry of Education,2211511,Printing and stationery,TechnoServ Africa,100220.68,BANK_TRANSFER
KE-2400498,23/04/2024,MOI,Ministry of Interior,2211305,Immunisation outreach,MediPlus Distributors,1277.95,CHEQUE
KE-2400499,27/10/2023,MOI,Ministry of Interior,2211306,Antenatal outreach services,Vitalis Pharma,84055.47,BANK_TRANSFER
KE-2400500,04/10/2023,MOE,Ministry of Education,2211404,SGBV survivor support services,Vitalis Pharma,51338.24,MOBILE_MONEY
KE-2400501,17/06/2024,MOH,Ministry of Health,3110101,Construction of buildings - health facilities,TechnoServ Africa,6925.21,BANK_TRANSFER
KE-2400502,14/12/2023,MOI,Ministry of Interior,2211201,Laboratory reagents,SafeWater Kenya,421043.61,BANK_TRANSFER
KE-2400503,21/03/2024,MOF,Ministry of Finance,3110701,Purchase of vehicles - ambulances,TransAfrica Logistics,114955.54,MOBILE_MONEY
KE-2400504,16/03/2024,MOI,Ministry of Interior,2210301,Domestic travel,GreenLeaf Consultancy,1441908.86,BANK_TRANSFER
KE-2400505,25/06/2024,MOI,Ministry of Interior,2211404,SGBV survivor support services,United Diagnostics,6464.27,BANK_TRANSFER
KE-2400506,23/11/2023,MOF,Ministry of Finance,2211404,SGBV survivor support services,MediPlus Distributors,6422.38,BANK_TRANSFER
KE-2400507,21/09/2023,MOE,Ministry of Education,2211101,Medical drugs,PharmaWest Africa,1951.71,MOBILE_MONEY
KE-2400508,22/10/2023,MOF,Ministry of Finance,2211407,Cleaning and fumigation - health facilities,MediPlus Distributors,336974.46,MOBILE_MONEY
KE-2400509,01/06/2024,MOH,Ministry of Health,3110101,Construction of buildings - health facilities,PharmaWest Africa,94831.78,BANK_TRANSFER
KE-2400510,26/01/2024,MOH,Ministry of Health,2211305,immunisation outreach,Vitalis Pharma,792600.45,BANK_TRANSFER
KE-2400511,04/10/2023,MOH,Ministry of Health,2210301,Domestic travel,United Diagnostics,297781.5,CHEQUE
KE-2400512,30/09/2023,MOFA,Ministry of Family Affairs,2211101,Medical drugs,TechnoServ Africa,,BANK_TRANSFER
KE-2400513,25/12/2023,MOI,Ministry of Interior,2211101,Medical drugs,MedSupplies Ltd,6553.47,MOBILE_MONEY
KE-2400514,25/03/2024,MOE,Ministry of Education,2211101,Medical drugs,TransAfrica Logistics,611818.48,BANK_TRANSFER
KE-2400515,11/05/2024,MOE,Ministry of Education,2210201,Communication supplies,Nile Motors,1728.21,MOBILE_MONEY
KE-2400516,18/09/2023,MOE,Ministry of Education,3110101,Construction of buildings - health facilities,Sunrise Cleaning Services,2578.69,CHEQUE
KE-2400517,14/11/2023,MOH,Ministry of Health,3110701,Purchase of vehicles - ambulances,TransAfrica Logistics,4687.91,CHEQUE
KE-2400518,29/08/2023,MOE,Ministry of Education,2211201,laboratory reagents,Regional Bank Services,104024.8,CHEQUE
KE-2400519,10/04/2024,MOI,Ministry of Interior,2210301,Domestic travel,MedSupplies Ltd,3825.21,BANK_TRANSFER
KE-2400520,11/07/2023,MOI,Ministry of Interior,2210201,Communication supplies,Care Foundation,318977.72,BANK_TRANSFER
KE-2400521,05/06/2024,MOE,Ministry of Education,2211102,Contraceptives and family planning commodities,NextGen IT,1857.13,BANK_TRANSFER
KE-2400522,07/09/2023,MOF,Ministry of Finance,2211407,CLEANING AND FUMIGATION - HEALTH FACILITIES,Regional Bank Services,115780.01,BANK_TRANSFER
KE-2400523,15/10/2023,MOH,Ministry of Health,2211320,Cervical cancer screening,Sunrise Cleaning Services,790294.06,CHEQUE
KE-2400524,27/10/2023,MOE,Ministry of Education,2211105,HIV test kits and ARVs,MedSupplies Ltd,308604.08,BANK_TRANSFER
KE-2400525,17/04/2024,MOH,Ministry of Health,2211101,Medical drugs,Care Foundation,3633.09,MOBILE_MONEY
KE-2400526,17/08/2023,MOE,Ministry of Education,2211308,Youth SRH counselling services,TechnoServ Africa,185442.83,CHEQUE
KE-2400527,10/09/2023,MOFA,Ministry of Family Affairs,2210201,Communication supplies,Care Foundation,12201.33,MOBILE_MONEY
KE-2400528,17/11/2023,MOF,Ministry of Finance,2211110,MATERNITY SUPPLIES AND DELIVERY KITS,NextGen IT,7646.08,BANK_TRANSFER
KE-2400529,07/11/2023,MOI,Ministry of Interior,2110101,Basic salaries - permanent employees,Sunrise Cleaning Services,2449.53,MOBILE_MONEY
KE-2400530,28/06/2024,MOFA,Ministry of Family Affairs,3110101,Construction of buildings - health facilities,Public Health Institute,1231.99,BANK_TRANSFER
KE-2400531,18/01/2024,MOI,Ministry of Interior,2211306,antenatal outreach services,Highlands Print Works,791817.82,BANK_TRANSFER
KE-2400532,09/10/2023,MOF,Ministry of Finance,2211110,Maternity supplies and delivery kits,Highlands Print Works,114287.37,CHEQUE
KE-2400533,26/02/2024,MOF,Ministry of Finance,2211105,HIV test kits and ARVs,MedSupplies Ltd,1162142.75,BANK_TRANSFER
KE-2400534,13/07/2023,MOH,Ministry of Health,2211110,Maternity supplies and delivery kits,BuildRight Contractors,2444.09,CHEQUE
KE-2400535,12/04/2024,MOI,Ministry of Interior,2211407,Cleaning and fumigation - health facilities,TransAfrica Logistics,825388.69,CHEQUE
KE-2400536,09/02/2024,MOFA,Ministry of Family Affairs,2211511,Printing and stationery,Public Health Institute,125394.81,MOBILE_MONEY
KE-2400537,22/08/2023,MOH,Ministry of Health,2211105,HIV test kits and ARVs,Public Health Institute,32455.1,CHEQUE
KE-2400538,03/02/2024,MOH,Ministry of Health,2211511,Printing and stationery,Regional Bank Services,226716.82,CHEQUE
KE-2400539,02/03/2024,MOE,Ministry of Education,2210301,Domestic travel,TransAfrica Logistics,1039.32,BANK_TRANSFER
KE-2400540,03/11/2023,MOH,Ministry of Health,2211320,Cervical cancer screening,Vitalis Pharma,16213.44,BANK_TRANSFER
KE-2400541,09/08/2023,MOE,Ministry of Education,2211306,Antenatal outreach services,Regional Bank Services,331179.87,BANK_TRANSFER
KE-2400542,01/10/2023,MOH,Ministry of Health,3110101,Construction of buildings - health facilities,Care Foundation,2301.46,MOBILE_MONEY
KE-2400543,21/09/2023,MOF,Ministry of Finance,2211308,Youth SRH counselling services,Care Foundation,21483.36,CHEQUE
KE-2400544,17/01/2024,MOFA,Ministry of Family Affairs,2211305,Immunisation outreach,NextGen IT,573143.4,MOBILE_MONEY
KE-2400545,21/10/2023,MOI,Ministry of Interior,2110101,Basic salaries - permanent employees,SafeWater Kenya,96555.68,CHEQUE
KE-2400546,06/08/2023,MOE,Ministry of Education,2211404,SGBV survivor support services,Sunrise Cleaning Services,12348.89,BANK_TRANSFER
KE-2400547,14/11/2023,MOF,Ministry of Finance,2211101,Medical drugs,United Diagnostics,1671043.72,MOBILE_MONEY
KE-2400548,09/06/2024,MOFA,Ministry of Family Affairs,2211306,Antenatal outreach services,TechnoServ Africa,435874.2,CHEQUE
KE-2400549,19/08/2023,MOI,Ministry of Interior,3110101,Construction of buildings - health facilities,SafeWater Kenya,100005.29,MOBILE_MONEY
KE-2400550,24/09/2023,MOH,Ministry of Health,2211404,SGBV survivor support services,NextGen IT,23858.14,BANK_TRANSFER
KE-2400551,05/02/2024,MOFA,Ministry of Family Affairs,2211199,General medical consumables,Nile Motors,8190.94,CHEQUE
KE-2400552,30/06/2024,MOE,Ministry of Education,3110701,Purchase of vehicles - ambulances,PharmaWest Africa,22077.27,BANK_TRANSFER
KE-2400553,03/06/2024,MOFA,Ministry of Family Affairs,2211320,Cervical cancer screening,GreenLeaf Consultancy,15968.56,CHEQUE
KE-2400554,30/10/2023,MOFA,Ministry of Family Affairs,2211101,Medical drugs,BuildRight Contractors,917976.95,MOBILE_MONEY
KE-2400555,06/05/2024,MOF,Ministry of Finance,2211110,Maternity supplies and delivery kits,SafeWater Kenya,14014.86,BANK_TRANSFER
KE-2400556,04/08/2023,MOF,Ministry of Finance,2211305,Immunisation outreach,Nile Motors,701010.44,BANK_TRANSFER
KE-2400557,31/12/2023,MOE,Ministry of Education,2211305,Immunisation outreach,GreenLeaf Consultancy,1624229.28,MOBILE_MONEY
KE-2400558,18/06/2024,MOFA,Ministry of Family Affairs,2211102,Contraceptives and family planning commodities,Modern Office Systems,-1544266.46,CHEQUE
KE-2400559,05/06/2024,MOFA,Ministry of Family Affairs,2211306,Antenatal outreach services,Vitalis Pharma,1635.03,MOBILE_MONEY
KE-2400560,25/11/2023,MOH,Ministry of Health,2211105,HIV test kits and ARVs,Vitalis Pharma,33622.22,BANK_TRANSFER
KE-2400561,03/08/2023,MOE,Ministry of Education,3110701,Purchase of vehicles - ambulances,GreenLeaf Consultancy,611930.28,MOBILE_MONEY
KE-2400562,11/11/2023,MOH,Ministry of Health,2211105,HIV test kits and ARVs,Public Health Institute,730402.96,BANK_TRANSFER
KE-2400563,21/11/2023,MOFA,Ministry of Family Affairs,3110101,Construction of buildings - health facilities,TechnoServ Africa,2386.74,CHEQUE
KE-2400564,19/09/2023,MOFA,Ministry of Family Affairs,3110101,CONSTRUCTION OF BUILDINGS - HEALTH FACILITIES,Sunrise Cleaning Services,1258.27,CHEQUE
KE-2400565,23/06/2024,MOE,Ministry of Education,2211407,Cleaning and fumigation - health facilities,PharmaWest Africa,48252.15,BANK_TRANSFER
KE-2400566,29/11/2023,MOH,Ministry of Health,2210201,Communication supplies,Highlands Print Works,341319.25,MOBILE_MONEY
KE-2400567,28/10/2023,MOI,Ministry of Interior,3110101,Construction of buildings - health facilities,Highlands Print Works,5027.31,CHEQUE
KE-2400568,16/07/2023,MOH,Ministry of Health,2211320,Cervical cancer screening,Public Health Institute,31525.3,MOBILE_MONEY
KE-2400569,30/07/2023,MOE,Ministry of Education,2211101,Medical drugs,Public Health Institute,124612.75,BANK_TRANSFER
KE-2400570,11/10/2023,MOF,Ministry of Finance,2211501,Refined fuels,Public Health Institute,939132.8,MOBILE_MONEY
KE-2400571,03/12/2023,MOH,Ministry of Health,2211308,Youth SRH counselling services,Highlands Print Works,98521.06,BANK_TRANSFER
KE-2400572,09/09/2023,MOI,Ministry of Interior,2211105,hiv test kits and arvs,Public Health Institute,7363.11,BANK_TRANSFER
KE-2400573,17/02/2024,MOH,Ministry of Health,2110101,Basic salaries - permanent employees,PharmaWest Africa,1135.55,BANK_TRANSFER
KE-2400574,16/10/2023,MOH,Ministry of Health,2211102,Contraceptives and family planning commodities,Public Health Institute,14509.09,BANK_TRANSFER
KE-2400575,15/11/2023,MOI,Ministry of Interior,2211404,SGBV survivor support services,Modern Office Systems,8795.25,CHEQUE
KE-2400576,02/03/2024,MOF,Ministry of Finance,2211103,Vaccines,United Diagnostics,29909.63,CHEQUE
KE-2400577,29/12/2023,MOF,Ministry of Finance,2211320,Cervical cancer screening,SafeWater Kenya,7922.17,BANK_TRANSFER
KE-2400578,14/02/2024,MOF,Ministry of Finance,2211199,General medical consumables,Modern Office Systems,509547.54,BANK_TRANSFER
KE-2400579,19/05/2024,MOF,Ministry of Finance,2211105,HIV test kits and ARVs,Modern Office Systems,304859.04,BANK_TRANSFER
KE-2400580,03/07/2023,MOI,Ministry of Interior,2211199,General medical consumables,NextGen IT,8571.76,CHEQUE
KE-2400581,11/08/2023,MOI,Ministry of Interior,2211404,SGBV survivor support services,NextGen IT,88434.58,BANK_TRANSFER
KE-2400582,11/02/2024,MOFA,Ministry of Family Affairs,2210301,Domestic travel,NextGen IT,223293.82,CHEQUE
KE-2400583,31/10/2023,MOI,Ministry of Interior,2211103,Vaccines,PharmaWest Africa,614102.01,MOBILE_MONEY
KE-2400584,11/06/2024,MOF,Ministry of Finance,2211101,Medical drugs,GreenLeaf Consultancy,,MOBILE_MONEY
KE-2400585,07/01/2024,MOF,Ministry of Finance,2211101,medical drugs,BuildRight Contractors,143379.46,CHEQUE
KE-2400586,23/03/2024,MOE,Ministry of Education,2211105,HIV test kits and ARVs,Nile Motors,26568.8,CHEQUE
KE-2400587,27/04/2024,MOI,Ministry of Interior,2211320,Cervical cancer screening,Modern Office Systems,1681.2,MOBILE_MONEY
KE-2400588,18/12/2023,MOH,Ministry of Health,2211110,Maternity supplies and delivery kits,Regional Bank Services,2577.59,MOBILE_MONEY
KE-2400589,24/10/2023,MOI,Ministry of Interior,2211306,Antenatal outreach services,Nile Motors,343266.49,CHEQUE
KE-2400590,10/03/2024,MOI,Ministry of Interior,3110701,Purchase of vehicles - ambulances,MediPlus Distributors,3003.71,MOBILE_MONEY
KE-2400591,11/10/2023,MOE,Ministry of Education,3110101,Construction of buildings - health facilities,Care Foundation,12448.37,CHEQUE
KE-2400592,13/06/2024,MOF,Ministry of Finance,2211201,Laboratory reagents,Public Health Institute,7049.18,CHEQUE
KE-2400593,22/09/2023,MOFA,Ministry of Family Affairs,2110101,Basic salaries - permanent employees,BuildRight Contractors,2045681.37,MOBILE_MONEY
KE-2400594,23/07/2023,MOH,Ministry of Health,2211407,Cleaning and fumigation - health facilities,Public Health Institute,2663.5,MOBILE_MONEY
KE-2400595,01/07/2023,MOE,Ministry of Education,2211511,Printing and stationery,NextGen IT,83452.91,MOBILE_MONEY
KE-2400596,31/08/2023,MOFA,Ministry of Family Affairs,2110101,Basic salaries - permanent employees,BuildRight Contractors,54716.4,CHEQUE
KE-2400597,13/09/2023,MOI,Ministry of Interior,2211501,Refined fuels,SafeWater Kenya,2116787.16,BANK_TRANSFER
KE-2400598,13/06/2024,MOH,Ministry of Health,2211501,Refined fuels,Nile Motors,166427.39,CHEQUE
KE-2400599,21/06/2024,MOE,Ministry of Education,2110101,Basic salaries - permanent employees,TechnoServ Africa,20258.06,MOBILE_MONEY
KE-2400600,11/08/2023,MOI,Ministry of Interior,2211201,Laboratory reagents,NextGen IT,25597.28,CHEQUE
KE-2400601,14/09/2023,MOE,Ministry of Education,2211105,HIV test kits and ARVs,PharmaWest Africa,762325.48,CHEQUE
KE-2400602,08/02/2024,MOI,Ministry of Interior,2211308,Youth SRH counselling services,BuildRight Contractors,49766.99,MOBILE_MONEY
KE-2400603,14/11/2023,MOFA,Ministry of Family Affairs,2211404,SGBV survivor support services,Nile Motors,534284.28,BANK_TRANSFER
KE-2400604,18/05/2024,MOI,Ministry of Interior,2211101,Medical drugs,Nile Motors,674852.9,CHEQUE
KE-2400605,03/05/2024,MOFA,Ministry of Family Affairs,2211308,Youth SRH counselling services,TechnoServ Africa,6395.95,CHEQUE
KE-2400606,21/02/2024,MOF,Ministry of Finance,2211105,HIV TEST KITS AND ARVS,Highlands Print Works,1974090.16,BANK_TRANSFER
KE-2400607,06/07/2023,MOH,Ministry of Health,2210301,Domestic travel,Sunrise Cleaning Services,87274.41,CHEQUE
KE-2400608,14/12/2023,MOE,Ministry of Education,2211305,Immunisation outreach,Modern Office Systems,1562.31,BANK_TRANSFER
KE-2400609,16/03/2024,MOI,Ministry of Interior,2211320,Cervical cancer screening,TransAfrica Logistics,5548.88,BANK_TRANSFER
KE-2400610,05/10/2023,MOI,Ministry of Interior,3110101,Construction of buildings - health facilities,NextGen IT,1727.62,MOBILE_MONEY
KE-2400611,18/04/2024,MOF,Ministry of Finance,2211404,SGBV survivor support services,GreenLeaf Consultancy,2129.66,MOBILE_MONEY
KE-2400612,29/10/2023,MOH,Ministry of Health,2110101,basic salaries - permanent employees,Vitalis Pharma,2665.02,BANK_TRANSFER
KE-2400613,27/07/2023,MOFA,Ministry of Family Affairs,2211101,Medical drugs,PharmaWest Africa,206691.92,MOBILE_MONEY
KE-2400614,23/06/2024,MOI,Ministry of Interior,2211404,SGBV survivor support services,United Diagnostics,133760.47,CHEQUE
KE-2400615,07/03/2024,MOE,Ministry of Education,2211306,Antenatal outreach services,PharmaWest Africa,21354.59,CHEQUE
KE-2400616,16/03/2024,MOH,Ministry of Health,2211101,Medical drugs,SafeWater Kenya,82436.58,CHEQUE
KE-2400617,03/03/2024,MOE,Ministry of Education,2211320,Cervical cancer screening,NextGen IT,947.97,CHEQUE
KE-2400618,05/02/2024,MOH,Ministry of Health,2211201,Laboratory reagents,PharmaWest Africa,20874.65,BANK_TRANSFER
KE-2400619,22/08/2023,MOH,Ministry of Health,2211102,Contraceptives and family planning commodities,Regional Bank Services,3213.06,BANK_TRANSFER
KE-2400620,27/08/2023,MOI,Ministry of Interior,2211306,Antenatal outreach services,Public Health Institute,359449.07,BANK_TRANSFER
KE-2400621,04/08/2023,MOFA,Ministry of Family Affairs,2211501,Refined fuels,GreenLeaf Consultancy,"""29,342.89""",MOBILE_MONEY
KE-2400622,18/06/2024,MOE,Ministry of Education,2211404,SGBV survivor support services,GreenLeaf Consultancy,12577.7,MOBILE_MONEY
KE-2400623,06/02/2024,MOFA,Ministry of Family Affairs,2211199,General medical consumables,Highlands Print Works,1842834.21,MOBILE_MONEY
KE-2400624,24/11/2023,MOI,Ministry of Interior,2211199,General medical consumables,Regional Bank Services,680331.79,MOBILE_MONEY
KE-2400625,23/02/2024,MOH,Ministry of Health,2211501,Refined fuels,Highlands Print Works,-21641.03,BANK_TRANSFER
KE-2400626,29/12/2023,MOE,Ministry of Education,2211103,Vaccines,Highlands Print Works,2008168.29,CHEQUE
KE-2400627,16/07/2023,MOF,Ministry of Finance,2211407,Cleaning and fumigation - health facilities,GreenLeaf Consultancy,237715.14,BANK_TRANSFER
KE-2400628,28/02/2024,MOE,Ministry of Education,2110101,Basic salaries - permanent employees,Vitalis Pharma,102543.14,MOBILE_MONEY
KE-2400629,12/05/2024,MOE,Ministry of Education,2211306,Antenatal outreach services,Highlands Print Works,616972.39,BANK_TRANSFER
KE-2400630,17/10/2023,MOE,Ministry of Education,2211305,Immunisation outreach,Modern Office Systems,886425.32,CHEQUE
KE-2400631,11/09/2023,MOF,Ministry of Finance,2211101,Medical drugs,NextGen IT,138259.95,MOBILE_MONEY
KE-2400632,09/06/2024,MOFA,Ministry of Family Affairs,2211105,HIV test kits and ARVs,Regional Bank Services,1958.65,BANK_TRANSFER
KE-2400633,06/04/2024,MOFA,Ministry of Family Affairs,2211199,General medical consumables,SafeWater Kenya,345888.71,MOBILE_MONEY
KE-2400634,08/11/2023,MOI,Ministry of Interior,2210201,Communication supplies,TechnoServ Africa,1728.78,MOBILE_MONEY
KE-2400635,14/09/2023,MOI,Ministry of Interior,2210201,Communication supplies,Vitalis Pharma,139778.86,CHEQUE
KE-2400636,21/03/2024,MOE,Ministry of Education,2211320,Cervical cancer screening,Care Foundation,70715.53,MOBILE_MONEY
KE-2400637,27/01/2024,MOI,Ministry of Interior,2211101,Medical drugs,Vitalis Pharma,99069.6,MOBILE_MONEY
KE-2400638,12/10/2023,MOI,Ministry of Interior,2211404,SGBV survivor support services,Sunrise Cleaning Services,8548.95,MOBILE_MONEY
KE-2400639,07/09/2023,MOI,Ministry of Interior,3110701,PURCHASE OF VEHICLES - AMBULANCES,Modern Office Systems,232036.99,MOBILE_MONEY
KE-2400640,11/09/2023,MOF,Ministry of Finance,2211103,Vaccines,Care Foundation,474287.04,BANK_TRANSFER
KE-2400641,01/05/2024,MOE,Ministry of Education,2211105,HIV test kits and ARVs,MedSupplies Ltd,4999.4,CHEQUE
KE-2400642,29/11/2023,MOH,Ministry of Health,2210301,Domestic travel,TechnoServ Africa,598804.13,MOBILE_MONEY
KE-2400643,05/12/2023,MOI,Ministry of Interior,2211308,Youth SRH counselling services,SafeWater Kenya,186644.71,CHEQUE
KE-2400644,02/03/2024,MOFA,Ministry of Family Affairs,2211407,Cleaning and fumigation - health facilities,Highlands Print Works,12168.87,CHEQUE
KE-2400645,10/06/2024,MOFA,Ministry of Family Affairs,2211199,General medical consumables,NextGen IT,1756.62,MOBILE_MONEY
KE-2400646,08/01/2024,MOE,Ministry of Education,2211320,Cervical cancer screening,GreenLeaf Consultancy,3632.0,CHEQUE
KE-2400647,10/07/2023,MOF,Ministry of Finance,2211199,General medical consumables,Sunrise Cleaning Services,1276.12,MOBILE_MONEY
KE-2400648,12/09/2023,MOE,Ministry of Education,2211306,antenatal outreach services,Highlands Print Works,904327.98,MOBILE_MONEY
KE-2400649,25/03/2024,MOFA,Ministry of Family Affairs,2211201,Laboratory reagents,SafeWater Kenya,100505.9,BANK_TRANSFER
KE-2400650,19/08/2023,MOH,Ministry of Health,2211404,SGBV survivor support services,Highlands Print Works,850837.18,BANK_TRANSFER
KE-2400651,19/06/2024,MOF,Ministry of Finance,2211501,Refined fuels,United Diagnostics,1279766.68,CHEQUE
KE-2400652,04/03/2024,MOF,Ministry of Finance,2211306,Antenatal outreach services,PharmaWest Africa,53980.22,CHEQUE
KE-2400653,04/03/2024,MOE,Ministry of Education,2210301,Domestic travel,BuildRight Contractors,200029.56,BANK_TRANSFER
KE-2400654,24/05/2024,MOFA,Ministry of Family Affairs,2211110,Maternity supplies and delivery kits,TransAfrica Logistics,3106.58,CHEQUE
KE-2400655,07/10/2023,MOI,Ministry of Interior,2211105,HIV test kits and ARVs,Regional Bank Services,1329030.88,BANK_TRANSFER
KE-2400656,22/08/2023,MOF,Ministry of Finance,2211199,General medical consumables,Modern Office Systems,1501.08,MOBILE_MONEY
KE-2400657,15/10/2023,MOFA,Ministry of Family Affairs,2211407,Cleaning and fumigation - health facilities,MedSupplies Ltd,135562.45,BANK_TRANSFER
KE-2400658,31/12/2023,MOFA,Ministry of Family Affairs,2211308,Youth SRH counselling services,United Diagnostics,110464.33,MOBILE_MONEY
KE-2400659,20/11/2023,MOE,Ministry of Education,2210301,Domestic travel,GreenLeaf Consultancy,1232.98,CHEQUE
KE-2400660,28/09/2023,MOI,Ministry of Interior,2110101,Basic salaries - permanent employees,Nile Motors,240049.98,MOBILE_MONEY
KE-2400661,17/01/2024,MOH,Ministry of Health,2211110,Maternity supplies and delivery kits,Modern Office Systems,2094.1,MOBILE_MONEY
KE-2400662,26/07/2023,MOI,Ministry of Interior,2211511,Printing and stationery,Modern Office Systems,174412.51,CHEQUE
KE-2400663,12/05/2024,MOI,Ministry of Interior,3110101,Construction of buildings - health facilities,Sunrise Cleaning Services,726077.43,CHEQUE
KE-2400664,31/10/2023,MOH,Ministry of Health,2110101,Basic salaries - permanent employees,Highlands Print Works,7040.03,MOBILE_MONEY
KE-2400665,23/11/2023,MOFA,Ministry of Family Affairs,2211501,Refined fuels,Care Foundation,2008.02,CHEQUE
KE-2400666,23/07/2023,MOFA,Ministry of Family Affairs,2210201,Communication supplies,Vitalis Pharma,80635.1,MOBILE_MONEY
KE-2400667,27/02/2024,MOI,Ministry of Interior,2211103,Vaccines,GreenLeaf Consultancy,570778.31,CHEQUE
KE-2400668,25/08/2023,MOFA,Ministry of Family Affairs,2211101,Medical drugs,Sunrise Cleaning Services,257545.75,MOBILE_MONEY
KE-2400669,03/06/2024,MOFA,Ministry of Family Affairs,2211105,HIV test kits and ARVs,SafeWater Kenya,280090.75,MOBILE_MONEY
KE-2400670,04/07/2023,MOI,Ministry of Interior,2211511,Printing and stationery,NextGen IT,5831.3,CHEQUE
KE-2400671,11/10/2023,MOH,Ministry of Health,2211305,Immunisation outreach,MedSupplies Ltd,33994.13,MOBILE_MONEY
KE-2400672,10/05/2024,MOE,Ministry of Education,3110701,Purchase of vehicles - ambulances,TransAfrica Logistics,-352237.65,BANK_TRANSFER
KE-2400673,26/04/2024,MOI,Ministry of Interior,2211306,Antenatal outreach services,Sunrise Cleaning Services,"""8,613.87""",MOBILE_MONEY
KE-2400674,10/10/2023,MOH,Ministry of Health,3110101,Construction of buildings - health facilities,MediPlus Distributors,181729.08,MOBILE_MONEY
KE-2400675,01/05/2024,MOE,Ministry of Education,2211305,Immunisation outreach,PharmaWest Africa,17473.34,CHEQUE
KE-2400676,30/05/2024,MOH,Ministry of Health,2210201,Communication supplies,BuildRight Contractors,16946.79,CHEQUE
KE-2400677,15/09/2023,MOH,Ministry of Health,2211201,Laboratory reagents,GreenLeaf Consultancy,109798.98,MOBILE_MONEY
KE-2400678,22/06/2024,MOF,Ministry of Finance,2211511,Printing and stationery,Vitalis Pharma,104057.64,CHEQUE
KE-2400679,14/01/2024,MOE,Ministry of Education,2211501,Refined fuels,Nile Motors,690886.15,BANK_TRANSFER
KE-2400680,26/06/2024,MOFA,Ministry of Family Affairs,2210301,Domestic travel,MedSupplies Ltd,65221.3,MOBILE_MONEY
KE-2400681,04/02/2024,MOFA,Ministry of Family Affairs,3110701,Purchase of vehicles - ambulances,MedSupplies Ltd,4017.94,BANK_TRANSFER
KE-2400682,16/10/2023,MOFA,Ministry of Family Affairs,2211102,Contraceptives and family planning commodities,MedSupplies Ltd,850411.63,BANK_TRANSFER
KE-2400683,04/06/2024,MOF,Ministry of Finance,2211105,HIV test kits and ARVs,Modern Office Systems,88817.96,BANK_TRANSFER
KE-2400684,01/06/2024,MOE,Ministry of Education,2211103,Vaccines,Highlands Print Works,1481233.61,CHEQUE
KE-2400685,02/05/2024,MOE,Ministry of Education,2211305,Immunisation outreach,BuildRight Contractors,330700.44,MOBILE_MONEY
KE-2400686,12/12/2023,MOF,Ministry of Finance,2211308,Youth SRH counselling services,BuildRight Contractors,2495.68,BANK_TRANSFER
KE-2400687,13/12/2023,MOH,Ministry of Health,2211320,Cervical cancer screening,Sunrise Cleaning Services,319739.07,BANK_TRANSFER
KE-2400688,12/07/2023,MOE,Ministry of Education,2211306,Antenatal outreach services,Public Health Institute,752925.2,CHEQUE
KE-2400689,25/02/2024,MOH,Ministry of Health,2211404,SGBV survivor support services,Regional Bank Services,8228.59,BANK_TRANSFER
KE-2400690,30/09/2023,MOI,Ministry of Interior,2110101,Basic salaries - permanent employees,SafeWater Kenya,-137418.25,MOBILE_MONEY
KE-2400691,28/06/2024,MOFA,Ministry of Family Affairs,2211305,Immunisation outreach,GreenLeaf Consultancy,1370168.31,CHEQUE
KE-2400692,12/09/2023,MOI,Ministry of Interior,2211501,Refined fuels,Public Health Institute,2062967.83,BANK_TRANSFER
KE-2400693,06/01/2024,MOH,Ministry of Health,2210301,Domestic travel,Public Health Institute,1084.77,BANK_TRANSFER
KE-2400694,18/01/2024,MOFA,Ministry of Family Affairs,2211199,General medical consumables,TransAfrica Logistics,716865.83,BANK_TRANSFER
KE-2400695,25/08/2023,MOF,Ministry of Finance,2211320,Cervical cancer screening,Public Health Institute,,MOBILE_MONEY
KE-2400696,06/10/2023,MOH,Ministry of Health,2211501,Refined fuels,MedSupplies Ltd,77472.74,CHEQUE
KE-2400697,04/02/2024,MOFA,Ministry of Family Affairs,2211320,Cervical cancer screening,GreenLeaf Consultancy,643816.28,CHEQUE
KE-2400698,24/10/2023,MOH,Ministry of Health,3110701,Purchase of vehicles - ambulances,GreenLeaf Consultancy,1290564.91,BANK_TRANSFER
KE-2400699,20/07/2023,MOFA,Ministry of Family Affairs,2211101,medical drugs,Highlands Print Works,302665.39,BANK_TRANSFER
KE-2400700,18/11/2023,MOI,Ministry of Interior,2210301,Domestic travel,Modern Office Systems,-77829.67,MOBILE_MONEY
KE-2400701,20/11/2023,MOF,Ministry of Finance,2211305,Immunisation outreach,MediPlus Distributors,3612.81,MOBILE_MONEY
KE-2400702,19/10/2023,MOFA,Ministry of Family Affairs,2211305,Immunisation outreach,NextGen IT,2396.29,CHEQUE
KE-2400703,11/05/2024,MOH,Ministry of Health,2211102,Contraceptives and family planning commodities,SafeWater Kenya,15849.12,MOBILE_MONEY
KE-2400704,22/03/2024,MOFA,Ministry of Family Affairs,2211105,HIV test kits and ARVs,Highlands Print Works,22573.75,MOBILE_MONEY
KE-2400705,14/03/2024,MOE,Ministry of Education,2210201,Communication supplies,Regional Bank Services,53610.53,MOBILE_MONEY
KE-2400706,31/12/2023,MOF,Ministry of Finance,2211320,Cervical cancer screening,Sunrise Cleaning Services,213263.91,BANK_TRANSFER
KE-2400707,23/08/2023,MOF,Ministry of Finance,2211199,General medical consumables,SafeWater Kenya,78419.2,MOBILE_MONEY
KE-2400708,05/02/2024,MOF,Ministry of Finance,2211103,Vaccines,United Diagnostics,2494.94,CHEQUE
KE-2400709,23/10/2023,MOF,Ministry of Finance,2211407,Cleaning and fumigation - health facilities,MedSupplies Ltd,"""5,944.14""",CHEQUE
KE-2400710,27/05/2024,MOH,Ministry of Health,2211102,Contraceptives and family planning commodities,NextGen IT,2241.31,MOBILE_MONEY
KE-2400711,26/04/2024,MOI,Ministry of Interior,2211404,SGBV survivor support services,BuildRight Contractors,58605.14,CHEQUE
KE-2400712,23/06/2024,MOE,Ministry of Education,2211103,vaccines,Vitalis Pharma,2024.48,CHEQUE
KE-2400713,06/03/2024,MOI,Ministry of Interior,2110101,Basic salaries - permanent employees,BuildRight Contractors,29799.54,BANK_TRANSFER
KE-2400714,19/02/2024,MOE,Ministry of Education,2211511,Printing and stationery,Care Foundation,7138.38,CHEQUE
KE-2400715,25/03/2024,MOF,Ministry of Finance,2211101,Medical drugs,TransAfrica Logistics,76591.86,MOBILE_MONEY
KE-2400716,23/12/2023,MOF,Ministry of Finance,3110701,purchase of vehicles - ambulances,TransAfrica Logistics,25596.03,BANK_TRANSFER
KE-2400717,23/08/2023,MOI,Ministry of Interior,2211306,Antenatal outreach services,GreenLeaf Consultancy,18255.25,BANK_TRANSFER
KE-2400718,01/04/2024,MOF,Ministry of Finance,2211105,HIV test kits and ARVs,TechnoServ Africa,327967.38,CHEQUE
KE-2400719,07/07/2023,MOFA,Ministry of Family Affairs,2211103,Vaccines,Public Health Institute,4574.91,CHEQUE
KE-2400720,23/04/2024,MOI,Ministry of Interior,3110701,purchase of vehicles - ambulances,TransAfrica Logistics,772717.09,MOBILE_MONEY
KE-2400721,15/06/2024,MOE,Ministry of Education,2211501,REFINED FUELS,Modern Office Systems,85644.85,CHEQUE
KE-2400722,02/10/2023,MOH,Ministry of Health,2211102,Contraceptives and family planning commodities,Modern Office Systems,663046.5,MOBILE_MONEY
KE-2400723,09/09/2023,MOE,Ministry of Education,2211306,Antenatal outreach services,TransAfrica Logistics,24922.76,MOBILE_MONEY
KE-2400724,11/10/2023,MOH,Ministry of Health,2211201,Laboratory reagents,Vitalis Pharma,640477.94,BANK_TRANSFER
KE-2400725,03/12/2023,MOF,Ministry of Finance,2210201,Communication supplies,SafeWater Kenya,237068.69,MOBILE_MONEY
KE-2400726,15/08/2023,MOFA,Ministry of Family Affairs,2211407,Cleaning and fumigation - health facilities,Nile Motors,1590291.28,BANK_TRANSFER
KE-2400727,24/11/2023,MOH,Ministry of Health,3110101,Construction of buildings - health facilities,PharmaWest Africa,120634.05,CHEQUE
KE-2400728,04/03/2024,MOFA,Ministry of Family Affairs,2211102,Contraceptives and family planning commodities,MediPlus Distributors,1891354.65,MOBILE_MONEY
KE-2400729,10/05/2024,MOFA,Ministry of Family Affairs,2211101,Medical drugs,Care Foundation,131445.42,BANK_TRANSFER
KE-2400730,19/02/2024,MOF,Ministry of Finance,2211501,Refined fuels,NextGen IT,215403.69,CHEQUE
KE-2400731,17/02/2024,MOFA,Ministry of Family Affairs,2210301,Domestic travel,MediPlus Distributors,1698971.7,MOBILE_MONEY
KE-2400732,22/02/2024,MOF,Ministry of Finance,2211320,Cervical cancer screening,Nile Motors,1474305.99,MOBILE_MONEY
KE-2400733,07/10/2023,MOF,Ministry of Finance,2211511,PRINTING AND STATIONERY,United Diagnostics,312612.79,BANK_TRANSFER
KE-2400734,28/06/2024,MOH,Ministry of Health,2211110,Maternity supplies and delivery kits,MediPlus Distributors,1554765.71,CHEQUE
KE-2400735,19/10/2023,MOF,Ministry of Finance,3110701,Purchase of vehicles - ambulances,Sunrise Cleaning Services,31039.82,BANK_TRANSFER
KE-2400736,20/06/2024,MOI,Ministry of Interior,2211103,Vaccines,TechnoServ Africa,1325.0,BANK_TRANSFER
KE-2400737,16/05/2024,MOE,Ministry of Education,2211407,Cleaning and fumigation - health facilities,Nile Motors,314360.94,BANK_TRANSFER
KE-2400738,12/12/2023,MOF,Ministry of Finance,2211110,Maternity supplies and delivery kits,Public Health Institute,19644.59,CHEQUE
KE-2400739,22/08/2023,MOI,Ministry of Interior,2211308,Youth SRH counselling services,Care Foundation,2559.69,CHEQUE
KE-2400740,22/12/2023,MOF,Ministry of Finance,3110701,Purchase of vehicles - ambulances,Sunrise Cleaning Services,326363.4,CHEQUE
KE-2400741,14/01/2024,MOF,Ministry of Finance,3110101,Construction of buildings - health facilities,Highlands Print Works,101975.62,MOBILE_MONEY
KE-2400742,24/12/2023,MOI,Ministry of Interior,3110101,Construction of buildings - health facilities,MedSupplies Ltd,4922.62,CHEQUE
KE-2400743,22/06/2024,MOF,Ministry of Finance,2211404,sgbv survivor support services,Nile Motors,23271.41,BANK_TRANSFER
KE-2400744,31/01/2024,MOI,Ministry of Interior,3110701,Purchase of vehicles - ambulances,PharmaWest Africa,124289.77,BANK_TRANSFER
KE-2400745,16/05/2024,MOI,Ministry of Interior,2210201,Communication supplies,PharmaWest Africa,794129.08,BANK_TRANSFER
KE-2400746,29/03/2024,MOE,Ministry of Education,2211320,Cervical cancer screening,Public Health Institute,736804.68,MOBILE_MONEY
KE-2400747,01/06/2024,MOE,Ministry of Education,2210201,Communication supplies,Modern Office Systems,119673.28,MOBILE_MONEY
KE-2400748,22/02/2024,MOH,Ministry of Health,2210301,Domestic travel,TransAfrica Logistics,98803.61,BANK_TRANSFER
KE-2400749,19/07/2023,MOE,Ministry of Education,2211404,SGBV survivor support services,Vitalis Pharma,132653.6,BANK_TRANSFER
KE-2400750,13/06/2024,MOF,Ministry of Finance,2211501,REFINED FUELS,BuildRight Contractors,6606.82,CHEQUE
KE-2400751,13/05/2024,MOFA,Ministry of Family Affairs,2211103,Vaccines,NextGen IT,495055.86,MOBILE_MONEY
KE-2400752,22/08/2023,MOE,Ministry of Education,2210201,communication supplies,TransAfrica Logistics,2642.05,MOBILE_MONEY
KE-2400753,17/06/2024,MOE,Ministry of Education,2211305,Immunisation outreach,TransAfrica Logistics,18926.59,MOBILE_MONEY
KE-2400754,16/01/2024,MOFA,Ministry of Family Affairs,2211102,Contraceptives and family planning commodities,Regional Bank Services,34735.76,MOBILE_MONEY
KE-2400755,09/01/2024,MOH,Ministry of Health,2211501,Refined fuels,SafeWater Kenya,1199658.73,CHEQUE
KE-2400756,31/12/2023,MOH,Ministry of Health,2211110,Maternity supplies and delivery kits,PharmaWest Africa,607880.74,MOBILE_MONEY
KE-2400757,06/05/2024,MOFA,Ministry of Family Affairs,2110101,Basic salaries - permanent employees,NextGen IT,262433.04,CHEQUE
KE-2400758,04/07/2023,MOE,Ministry of Education,2211511,PRINTING AND STATIONERY,Nile Motors,132481.2,BANK_TRANSFER
KE-2400759,25/02/2024,MOI,Ministry of Interior,3110701,Purchase of vehicles - ambulances,Vitalis Pharma,326017.28,BANK_TRANSFER
KE-2400760,06/07/2023,MOH,Ministry of Health,2211102,Contraceptives and family planning commodities,GreenLeaf Consultancy,1555.74,CHEQUE
KE-2400761,25/11/2023,MOH,Ministry of Health,2211308,Youth SRH counselling services,TransAfrica Logistics,6334.65,BANK_TRANSFER
KE-2400762,25/05/2024,MOFA,Ministry of Family Affairs,2211320,Cervical cancer screening,TransAfrica Logistics,337138.3,MOBILE_MONEY
KE-2400763,04/05/2024,MOE,Ministry of Education,2211404,SGBV survivor support services,BuildRight Contractors,8185.34,CHEQUE
KE-2400764,30/03/2024,MOI,Ministry of Interior,2211320,Cervical cancer screening,TechnoServ Africa,1282.54,CHEQUE
KE-2400765,23/07/2023,MOFA,Ministry of Family Affairs,2211103,Vaccines,TransAfrica Logistics,745970.44,MOBILE_MONEY
KE-2400766,27/06/2024,MOH,Ministry of Health,2211308,YOUTH SRH COUNSELLING SERVICES,GreenLeaf Consultancy,16309.64,CHEQUE
KE-2400767,12/09/2023,MOH,Ministry of Health,2211199,General medical consumables,Vitalis Pharma,,BANK_TRANSFER
KE-2400768,25/05/2024,MOH,Ministry of Health,2211105,HIV test kits and ARVs,Modern Office Systems,271442.53,MOBILE_MONEY
KE-2400769,02/03/2024,MOFA,Ministry of Family Affairs,2211404,SGBV survivor support services,Highlands Print Works,4219.65,CHEQUE
KE-2400770,19/08/2023,MOE,Ministry of Education,2211407,Cleaning and fumigation - health facilities,Nile Motors,15781.76,CHEQUE
KE-2400771,02/01/2024,MOH,Ministry of Health,2211308,Youth SRH counselling services,Sunrise Cleaning Services,3491.9,CHEQUE
KE-2400772,23/03/2024,MOFA,Ministry of Family Affairs,2211404,SGBV survivor support services,Highlands Print Works,14820.51,CHEQUE
KE-2400773,15/02/2024,MOH,Ministry of Health,2211308,Youth SRH counselling services,United Diagnostics,789158.16,MOBILE_MONEY
KE-2400774,15/08/2023,MOI,Ministry of Interior,2210201,Communication supplies,Care Foundation,949489.96,BANK_TRANSFER
KE-2400775,27/05/2024,MOI,Ministry of Interior,2211199,General medical consumables,TransAfrica Logistics,1678504.32,MOBILE_MONEY
KE-2400776,18/09/2023,MOI,Ministry of Interior,2211102,Contraceptives and family planning commodities,Care Foundation,301361.33,CHEQUE
KE-2400777,23/10/2023,MOFA,Ministry of Family Affairs,2210301,Domestic travel,TechnoServ Africa,1101773.47,CHEQUE
KE-2400778,03/12/2023,MOH,Ministry of Health,2211101,Medical drugs,TransAfrica Logistics,7571.78,BANK_TRANSFER
KE-2400779,21/04/2024,MOFA,Ministry of Family Affairs,2211306,Antenatal outreach services,Public Health Institute,448318.64,MOBILE_MONEY
KE-2400780,10/11/2023,MOI,Ministry of Interior,3110701,Purchase of vehicles - ambulances,Public Health Institute,15694.8,CHEQUE
KE-2400781,20/02/2024,MOFA,Ministry of Family Affairs,2211105,HIV test kits and ARVs,BuildRight Contractors,3126.61,MOBILE_MONEY
KE-2400782,24/06/2024,MOE,Ministry of Education,2110101,Basic salaries - permanent employees,Highlands Print Works,926.34,CHEQUE
KE-2400783,28/02/2024,MOH,Ministry of Health,2211103,Vaccines,NextGen IT,126226.24,MOBILE_MONEY
KE-2400784,15/07/2023,MOI,Ministry of Interior,2211102,CONTRACEPTIVES AND FAMILY PLANNING COMMODITIES,United Diagnostics,314987.12,MOBILE_MONEY
KE-2400785,16/11/2023,MOH,Ministry of Health,3110101,Construction of buildings - health facilities,Modern Office Systems,2341.35,MOBILE_MONEY
KE-2400786,16/02/2024,MOI,Ministry of Interior,2211110,Maternity supplies and delivery kits,BuildRight Contractors,2457.03,CHEQUE
KE-2400787,15/05/2024,MOI,Ministry of Interior,3110101,Construction of buildings - health facilities,Vitalis Pharma,142566.21,CHEQUE
KE-2400788,22/08/2023,MOI,Ministry of Interior,2211308,Youth SRH counselling services,United Diagnostics,861410.1,MOBILE_MONEY
KE-2400789,11/11/2023,MOFA,Ministry of Family Affairs,3110701,Purchase of vehicles - ambulances,MedSupplies Ltd,86913.16,CHEQUE
KE-2400790,10/02/2024,MOFA,Ministry of Family Affairs,2210301,domestic travel,PharmaWest Africa,1472.67,CHEQUE
KE-2400791,28/03/2024,MOI,Ministry of Interior,2211103,Vaccines,Highlands Print Works,127479.34,BANK_TRANSFER
KE-2400792,22/05/2024,MOFA,Ministry of Family Affairs,2211110,Maternity supplies and delivery kits,TechnoServ Africa,66565.8,MOBILE_MONEY
KE-2400793,05/09/2023,MOI,Ministry of Interior,3110701,Purchase of vehicles - ambulances,Modern Office Systems,736910.51,MOBILE_MONEY
KE-2400794,08/10/2023,MOF,Ministry of Finance,2211306,Antenatal outreach services,MedSupplies Ltd,266656.03,BANK_TRANSFER
KE-2400795,19/03/2024,MOH,Ministry of Health,3110701,Purchase of vehicles - ambulances,TransAfrica Logistics,24647.21,MOBILE_MONEY
KE-2400796,26/09/2023,MOFA,Ministry of Family Affairs,2210201,Communication supplies,GreenLeaf Consultancy,30028.81,BANK_TRANSFER
KE-2400797,06/03/2024,MOI,Ministry of Interior,2211501,REFINED FUELS,MedSupplies Ltd,1638812.33,BANK_TRANSFER
KE-2400798,10/03/2024,MOE,Ministry of Education,3110101,Construction of buildings - health facilities,MediPlus Distributors,,MOBILE_MONEY
KE-2400799,10/11/2023,MOF,Ministry of Finance,2211105,HIV test kits and ARVs,TechnoServ Africa,587185.88,BANK_TRANSFER
KE-2400800,14/05/2024,MOE,Ministry of Education,2211199,General medical consumables,MediPlus Distributors,81211.13,MOBILE_MONEY
KE-2400801,21/03/2024,MOFA,Ministry of Family Affairs,3110101,Construction of buildings - health facilities,NextGen IT,800980.47,BANK_TRANSFER
KE-2400802,05/10/2023,MOH,Ministry of Health,2211320,Cervical cancer screening,NextGen IT,776732.03,CHEQUE
KE-2400803,19/04/2024,MOE,Ministry of Education,2211320,Cervical cancer screening,Care Foundation,2277.21,MOBILE_MONEY
KE-2400804,08/09/2023,MOH,Ministry of Health,2211103,Vaccines,TechnoServ Africa,324659.71,MOBILE_MONEY
KE-2400805,15/10/2023,MOE,Ministry of Education,2211201,Laboratory reagents,SafeWater Kenya,21616.08,BANK_TRANSFER
KE-2400806,25/05/2024,MOF,Ministry of Finance,3110101,Construction of buildings - health facilities,GreenLeaf Consultancy,137846.27,BANK_TRANSFER
KE-2400807,26/10/2023,MOF,Ministry of Finance,2211102,Contraceptives and family planning commodities,Care Foundation,241962.29,CHEQUE
KE-2400808,09/01/2024,MOI,Ministry of Interior,2211407,Cleaning and fumigation - health facilities,MedSupplies Ltd,745515.02,MOBILE_MONEY
KE-2400809,15/03/2024,MOF,Ministry of Finance,2211308,Youth SRH counselling services,MediPlus Distributors,630825.74,CHEQUE
KE-2400810,13/11/2023,MOH,Ministry of Health,2211320,Cervical cancer screening,BuildRight Contractors,798342.91,BANK_TRANSFER
KE-2400811,18/10/2023,MOFA,Ministry of Family Affairs,2211105,HIV test kits and ARVs,Nile Motors,4559.13,MOBILE_MONEY
KE-2400812,06/03/2024,MOH,Ministry of Health,2211320,Cervical cancer screening,Highlands Print Works,120183.6,CHEQUE
KE-2400813,26/04/2024,MOFA,Ministry of Family Affairs,3110701,Purchase of vehicles - ambulances,Care Foundation,128491.45,MOBILE_MONEY
KE-2400814,17/08/2023,MOH,Ministry of Health,2211102,Contraceptives and family planning commodities,Sunrise Cleaning Services,7362.04,MOBILE_MONEY
KE-2400815,11/07/2023,MOH,Ministry of Health,3110701,Purchase of vehicles - ambulances,Care Foundation,29262.97,BANK_TRANSFER
KE-2400816,04/03/2024,MOE,Ministry of Education,2110101,Basic salaries - permanent employees,MedSupplies Ltd,129833.48,BANK_TRANSFER
KE-2400817,27/05/2024,MOF,Ministry of Finance,3110101,Construction of buildings - health facilities,United Diagnostics,275121.03,MOBILE_MONEY
KE-2400818,11/06/2024,MOI,Ministry of Interior,2210301,Domestic travel,GreenLeaf Consultancy,87200.0,CHEQUE
KE-2400819,13/02/2024,MOE,Ministry of Education,2211404,SGBV survivor support services,MedSupplies Ltd,197414.35,CHEQUE
KE-2400820,26/01/2024,MOF,Ministry of Finance,2211404,SGBV survivor support services,Modern Office Systems,107038.8,CHEQUE
KE-2400821,08/01/2024,MOFA,Ministry of Family Affairs,2211407,Cleaning and fumigation - health facilities,Highlands Print Works,146848.11,CHEQUE
KE-2400822,31/08/2023,MOFA,Ministry of Family Affairs,3110101,Construction of buildings - health facilities,NextGen IT,839945.45,CHEQUE
KE-2400823,28/11/2023,MOE,Ministry of Education,2211103,VACCINES,TechnoServ Africa,4939.26,BANK_TRANSFER
KE-2400824,31/05/2024,MOH,Ministry of Health,2211105,HIV test kits and ARVs,PharmaWest Africa,614146.32,MOBILE_MONEY
KE-2400825,09/12/2023,MOFA,Ministry of Family Affairs,2211320,Cervical cancer screening,Regional Bank Services,8294.83,CHEQUE
KE-2400826,18/10/2023,MOE,Ministry of Education,2211404,SGBV survivor support services,Care Foundation,2410.1,BANK_TRANSFER
KE-2400827,22/05/2024,MOFA,Ministry of Family Affairs,2211201,Laboratory reagents,TechnoServ Africa,91760.55,CHEQUE
KE-2400828,29/11/2023,MOE,Ministry of Education,2211199,General medical consumables,Vitalis Pharma,572141.51,MOBILE_MONEY
KE-2400829,03/09/2023,MOFA,Ministry of Family Affairs,2211101,Medical drugs,Vitalis Pharma,82021.98,MOBILE_MONEY
KE-2400830,17/04/2024,MOFA,Ministry of Family Affairs,2211305,Immunisation outreach,PharmaWest Africa,161411.32,BANK_TRANSFER
KE-2400831,13/06/2024,MOE,Ministry of Education,2211320,cervical cancer screening,TransAfrica Logistics,30164.75,CHEQUE
KE-2400832,22/06/2024,MOF,Ministry of Finance,2210201,Communication supplies,Nile Motors,18338.18,MOBILE_MONEY
KE-2400833,29/02/2024,MOE,Ministry of Education,2211320,Cervical cancer screening,Regional Bank Services,7784.08,BANK_TRANSFER
KE-2400834,28/10/2023,MOH,Ministry of Health,2211201,Laboratory reagents,Modern Office Systems,1175469.02,CHEQUE
KE-2400835,24/07/2023,MOE,Ministry of Education,2211306,Antenatal outreach services,Sunrise Cleaning Services,59423.27,CHEQUE
KE-2400836,26/04/2024,MOFA,Ministry of Family Affairs,3110701,Purchase of vehicles - ambulances,Care Foundation,60540.64,MOBILE_MONEY
KE-2400837,12/05/2024,MOH,Ministry of Health,2211511,Printing and stationery,TechnoServ Africa,741845.25,MOBILE_MONEY
KE-2400838,24/05/2024,MOH,Ministry of Health,2211407,Cleaning and fumigation - health facilities,MediPlus Distributors,1552060.43,MOBILE_MONEY
KE-2400839,23/03/2024,MOFA,Ministry of Family Affairs,2211320,Cervical cancer screening,United Diagnostics,304561.7,BANK_TRANSFER
KE-2400840,01/05/2024,MOF,Ministry of Finance,2211110,Maternity supplies and delivery kits,Care Foundation,448330.01,BANK_TRANSFER
KE-2400841,13/04/2024,MOFA,Ministry of Family Affairs,2211105,HIV test kits and ARVs,MediPlus Distributors,4791.8,MOBILE_MONEY
KE-2400842,12/01/2024,MOFA,Ministry of Family Affairs,2110101,Basic salaries - permanent employees,Nile Motors,1197785.37,MOBILE_MONEY
KE-2400843,01/11/2023,MOFA,Ministry of Family Affairs,2211511,Printing and stationery,Sunrise Cleaning Services,29113.69,MOBILE_MONEY
KE-2400844,31/10/2023,MOH,Ministry of Health,2211110,Maternity supplies and delivery kits,PharmaWest Africa,136185.27,MOBILE_MONEY
KE-2400845,18/07/2023,MOF,Ministry of Finance,2211511,Printing and stationery,Public Health Institute,50202.59,CHEQUE
KE-2400846,16/02/2024,MOE,Ministry of Education,2211306,Antenatal outreach services,SafeWater Kenya,830132.72,CHEQUE
KE-2400847,26/09/2023,MOE,Ministry of Education,2110101,BASIC SALARIES - PERMANENT EMPLOYEES,SafeWater Kenya,2107.03,BANK_TRANSFER
KE-2400848,13/07/2023,MOF,Ministry of Finance,2211103,Vaccines,MedSupplies Ltd,2058.25,BANK_TRANSFER
KE-2400849,28/02/2024,MOH,Ministry of Health,3110701,Purchase of vehicles - ambulances,SafeWater Kenya,1859.33,BANK_TRANSFER
KE-2400850,28/12/2023,MOF,Ministry of Finance,2211199,GENERAL MEDICAL CONSUMABLES,TransAfrica Logistics,85269.33,MOBILE_MONEY
KE-2400851,17/10/2023,MOFA,Ministry of Family Affairs,2110101,Basic salaries - permanent employees,TechnoServ Africa,2694.5,BANK_TRANSFER
KE-2400852,04/03/2024,MOFA,Ministry of Family Affairs,2211105,HIV test kits and ARVs,Highlands Print Works,1127187.28,CHEQUE
KE-2400853,26/10/2023,MOE,Ministry of Education,3110101,Construction of buildings - health facilities,MedSupplies Ltd,70442.61,BANK_TRANSFER
KE-2400854,19/01/2024,MOH,Ministry of Health,2211103,Vaccines,Modern Office Systems,7882.56,CHEQUE
KE-2400855,27/03/2024,MOH,Ministry of Health,2211407,Cleaning and fumigation - health facilities,Vitalis Pharma,5117.4,BANK_TRANSFER
KE-2400856,10/09/2023,MOI,Ministry of Interior,2211511,Printing and stationery,Modern Office Systems,6539.85,CHEQUE
KE-2400857,15/02/2024,MOI,Ministry of Interior,2211103,Vaccines,TechnoServ Africa,1983944.59,CHEQUE
KE-2400858,22/01/2024,MOFA,Ministry of Family Affairs,3110101,Construction of buildings - health facilities,Modern Office Systems,1503822.68,BANK_TRANSFER
KE-2400859,31/08/2023,MOI,Ministry of Interior,2211306,Antenatal outreach services,SafeWater Kenya,7937.6,BANK_TRANSFER
KE-2400860,10/01/2024,MOE,Ministry of Education,2211102,Contraceptives and family planning commodities,GreenLeaf Consultancy,34346.21,BANK_TRANSFER
KE-2400861,12/05/2024,MOF,Ministry of Finance,2211407,Cleaning and fumigation - health facilities,Modern Office Systems,4179.98,CHEQUE
KE-2400862,16/11/2023,MOE,Ministry of Education,2110101,BASIC SALARIES - PERMANENT EMPLOYEES,SafeWater Kenya,303920.45,CHEQUE
KE-2400863,28/08/2023,MOI,Ministry of Interior,2211404,SGBV survivor support services,Sunrise Cleaning Services,113433.01,CHEQUE
KE-2400864,22/07/2023,MOH,Ministry of Health,2211305,immunisation outreach,BuildRight Contractors,498302.8,CHEQUE
KE-2400865,19/08/2023,MOH,Ministry of Health,2211308,Youth SRH counselling services,Modern Office Systems,1393.99,BANK_TRANSFER
KE-2400866,31/07/2023,MOI,Ministry of Interior,2211306,Antenatal outreach services,Vitalis Pharma,1839.74,MOBILE_MONEY
KE-2400867,28/07/2023,MOH,Ministry of Health,2211110,Maternity supplies and delivery kits,PharmaWest Africa,194500.62,CHEQUE
KE-2400868,24/10/2023,MOF,Ministry of Finance,2110101,Basic salaries - permanent employees,Care Foundation,1962.67,CHEQUE
KE-2400869,27/07/2023,MOE,Ministry of Education,2211199,General medical consumables,Nile Motors,58703.7,BANK_TRANSFER
KE-2400870,26/08/2023,MOE,Ministry of Education,2211404,SGBV survivor support services,SafeWater Kenya,2066.38,MOBILE_MONEY
KE-2400871,30/06/2024,MOH,Ministry of Health,3110101,Construction of buildings - health facilities,BuildRight Contractors,"""24,481.49""",CHEQUE
KE-2400872,06/06/2024,MOH,Ministry of Health,2210201,COMMUNICATION SUPPLIES,Regional Bank Services,600337.76,BANK_TRANSFER
KE-2400873,20/12/2023,MOH,Ministry of Health,2210301,Domestic travel,MedSupplies Ltd,-890648.02,BANK_TRANSFER
KE-2400874,04/07/2023,MOI,Ministry of Interior,2211199,General medical consumables,BuildRight Contractors,1675866.96,BANK_TRANSFER
KE-2400875,18/12/2023,MOF,Ministry of Finance,2211102,Contraceptives and family planning commodities,NextGen IT,1216916.54,BANK_TRANSFER
KE-2400876,29/07/2023,MOFA,Ministry of Family Affairs,2211103,vaccines,NextGen IT,2430.17,CHEQUE
KE-2400877,06/08/2023,MOI,Ministry of Interior,2211511,Printing and stationery,MedSupplies Ltd,110870.71,MOBILE_MONEY
KE-2400878,16/05/2024,MOF,Ministry of Finance,2211105,HIV test kits and ARVs,MediPlus Distributors,1459.57,CHEQUE
KE-2400879,19/10/2023,MOI,Ministry of Interior,2211101,MEDICAL DRUGS,MedSupplies Ltd,7315.73,MOBILE_MONEY
KE-2400880,13/02/2024,MOE,Ministry of Education,2211501,Refined fuels,Highlands Print Works,8360.31,MOBILE_MONEY
KE-2400881,27/04/2024,MOE,Ministry of Education,2211306,Antenatal outreach services,MedSupplies Ltd,953000.26,CHEQUE
KE-2400882,31/07/2023,MOFA,Ministry of Family Affairs,2211201,Laboratory reagents,PharmaWest Africa,136896.92,BANK_TRANSFER
KE-2400883,07/12/2023,MOE,Ministry of Education,3110701,Purchase of vehicles - ambulances,SafeWater Kenya,2031460.48,MOBILE_MONEY
KE-2400884,12/09/2023,MOE,Ministry of Education,2211407,Cleaning and fumigation - health facilities,Sunrise Cleaning Services,,MOBILE_MONEY
KE-2400885,28/01/2024,MOE,Ministry of Education,2211201,Laboratory reagents,MediPlus Distributors,31118.62,CHEQUE
KE-2400886,12/09/2023,MOE,Ministry of Education,2211501,Refined fuels,Sunrise Cleaning Services,334102.83,CHEQUE
KE-2400887,28/11/2023,MOH,Ministry of Health,2211201,Laboratory reagents,Modern Office Systems,55149.78,CHEQUE
KE-2400888,15/07/2023,MOH,Ministry of Health,2211201,laboratory reagents,Public Health Institute,7543.21,BANK_TRANSFER
KE-2400889,27/04/2024,MOI,Ministry of Interior,2211308,Youth SRH counselling services,PharmaWest Africa,337224.05,CHEQUE
KE-2400890,28/01/2024,MOH,Ministry of Health,2211201,Laboratory reagents,Vitalis Pharma,549340.38,CHEQUE
KE-2400891,22/07/2023,MOFA,Ministry of Family Affairs,2211511,Printing and stationery,Modern Office Systems,847005.98,CHEQUE
KE-2400892,31/07/2023,MOH,Ministry of Health,2211308,Youth SRH counselling services,TransAfrica Logistics,8226.41,CHEQUE
KE-2400893,15/11/2023,MOH,Ministry of Health,2211501,Refined fuels,Nile Motors,1714.53,BANK_TRANSFER
KE-2400894,07/03/2024,MOH,Ministry of Health,2211102,Contraceptives and family planning commodities,Nile Motors,2104.1,MOBILE_MONEY
KE-2400895,25/01/2024,MOFA,Ministry of Family Affairs,2211501,Refined fuels,Modern Office Systems,714600.8,MOBILE_MONEY
KE-2400896,01/06/2024,MOF,Ministry of Finance,2110101,Basic salaries - permanent employees,Highlands Print Works,1217.89,CHEQUE
KE-2400897,25/04/2024,MOH,Ministry of Health,2211320,Cervical cancer screening,Care Foundation,831864.82,MOBILE_MONEY
KE-2400898,05/02/2024,MOI,Ministry of Interior,2211305,Immunisation outreach,SafeWater Kenya,2657.72,MOBILE_MONEY
KE-2400899,05/12/2023,MOF,Ministry of Finance,2210301,Domestic travel,MedSupplies Ltd,624234.61,CHEQUE
KE-2400900,26/07/2023,MOI,Ministry of Interior,2211101,Medical drugs,GreenLeaf Consultancy,1061192.31,BANK_TRANSFER
KE-2400901,10/09/2023,MOF,Ministry of Finance,2211404,SGBV survivor support services,GreenLeaf Consultancy,505942.61,MOBILE_MONEY
KE-2400902,03/08/2023,MOF,Ministry of Finance,2211103,Vaccines,PharmaWest Africa,134890.12,MOBILE_MONEY
KE-2400903,25/03/2024,MOFA,Ministry of Family Affairs,2211110,Maternity supplies and delivery kits,Modern Office Systems,232001.41,MOBILE_MONEY
KE-2400904,05/09/2023,MOFA,Ministry of Family Affairs,2211101,Medical drugs,SafeWater Kenya,279846.08,MOBILE_MONEY
KE-2400905,03/02/2024,MOH,Ministry of Health,2211306,Antenatal outreach services,NextGen IT,128839.57,MOBILE_MONEY
KE-2400906,14/11/2023,MOE,Ministry of Education,2211105,HIV test kits and ARVs,Vitalis Pharma,248386.59,CHEQUE
KE-2400907,08/12/2023,MOH,Ministry of Health,2211105,HIV test kits and ARVs,MediPlus Distributors,1498292.02,BANK_TRANSFER
KE-2400908,11/05/2024,MOE,Ministry of Education,2211103,Vaccines,TechnoServ Africa,6292.26,MOBILE_MONEY
KE-2400909,25/10/2023,MOFA,Ministry of Family Affairs,2211306,Antenatal outreach services,BuildRight Contractors,1370038.19,MOBILE_MONEY
KE-2400910,17/01/2024,MOE,Ministry of Education,2211105,HIV test kits and ARVs,TechnoServ Africa,2473.03,CHEQUE
KE-2400911,29/07/2023,MOF,Ministry of Finance,3110701,Purchase of vehicles - ambulances,BuildRight Contractors,6655.64,CHEQUE
KE-2400912,06/06/2024,MOE,Ministry of Education,2211110,Maternity supplies and delivery kits,BuildRight Contractors,-745598.3,BANK_TRANSFER
KE-2400913,30/08/2023,MOH,Ministry of Health,2210201,Communication supplies,Public Health Institute,895373.66,CHEQUE
KE-2400914,07/01/2024,MOI,Ministry of Interior,2210301,Domestic travel,BuildRight Contractors,232121.35,BANK_TRANSFER
KE-2400915,20/04/2024,MOH,Ministry of Health,3110101,Construction of buildings - health facilities,TechnoServ Africa,1000931.88,MOBILE_MONEY
KE-2400916,06/08/2023,MOF,Ministry of Finance,2210301,Domestic travel,PharmaWest Africa,263802.84,BANK_TRANSFER
KE-2400917,31/05/2024,MOFA,Ministry of Family Affairs,2211511,printing and stationery,Sunrise Cleaning Services,1226291.97,MOBILE_MONEY
KE-2400918,02/03/2024,MOE,Ministry of Education,2211320,Cervical cancer screening,SafeWater Kenya,451491.89,CHEQUE
KE-2400919,03/08/2023,MOFA,Ministry of Family Affairs,2211501,Refined fuels,SafeWater Kenya,7556.83,CHEQUE
KE-2400920,30/03/2024,MOFA,Ministry of Family Affairs,2211404,SGBV survivor support services,NextGen IT,56792.74,BANK_TRANSFER
KE-2400921,17/03/2024,MOE,Ministry of Education,2211201,Laboratory reagents,United Diagnostics,4980.27,BANK_TRANSFER
KE-2400922,01/03/2024,MOI,Ministry of Interior,3110701,Purchase of vehicles - ambulances,PharmaWest Africa,-24336.29,MOBILE_MONEY
KE-2400923,01/05/2024,MOI,Ministry of Interior,2110101,Basic salaries - permanent employees,SafeWater Kenya,5823.45,BANK_TRANSFER
KE-2400924,16/05/2024,MOE,Ministry of Education,3110101,Construction of buildings - health facilities,Sunrise Cleaning Services,687694.77,MOBILE_MONEY
KE-2400925,15/10/2023,MOH,Ministry of Health,2211320,Cervical cancer screening,Care Foundation,1343306.46,BANK_TRANSFER
KE-2400926,29/05/2024,MOFA,Ministry of Family Affairs,2211320,Cervical cancer screening,Care Foundation,686404.61,MOBILE_MONEY
KE-2400927,18/01/2024,MOH,Ministry of Health,2211103,Vaccines,Modern Office Systems,67055.5,CHEQUE
KE-2400928,22/04/2024,MOH,Ministry of Health,2211110,maternity supplies and delivery kits,NextGen IT,1561.4,MOBILE_MONEY
KE-2400929,29/03/2024,MOI,Ministry of Interior,2210201,Communication supplies,Regional Bank Services,1151234.37,BANK_TRANSFER
KE-2400930,01/08/2023,MOFA,Ministry of Family Affairs,2211199,General medical consumables,MedSupplies Ltd,2084208.67,BANK_TRANSFER
KE-2400931,04/09/2023,MOE,Ministry of Education,2211308,Youth SRH counselling services,Modern Office Systems,137236.33,MOBILE_MONEY
KE-2400932,05/01/2024,MOI,Ministry of Interior,2211101,Medical drugs,MedSupplies Ltd,1965.8,MOBILE_MONEY
KE-2400933,24/11/2023,MOH,Ministry of Health,3110701,Purchase of vehicles - ambulances,Modern Office Systems,32238.38,MOBILE_MONEY
KE-2400934,19/08/2023,MOH,Ministry of Health,2211103,Vaccines,TechnoServ Africa,-739575.62,BANK_TRANSFER
KE-2400935,23/02/2024,MOI,Ministry of Interior,2210301,Domestic travel,Nile Motors,274791.45,BANK_TRANSFER
KE-2400936,28/08/2023,MOH,Ministry of Health,2211511,Printing and stationery,Sunrise Cleaning Services,487491.98,BANK_TRANSFER
KE-2400937,02/05/2024,MOI,Ministry of Interior,2210301,domestic travel,Modern Office Systems,1879.42,BANK_TRANSFER
KE-2400938,22/01/2024,MOF,Ministry of Finance,2211511,Printing and stationery,NextGen IT,19450.22,CHEQUE
KE-2400939,28/10/2023,MOI,Ministry of Interior,2211103,Vaccines,Care Foundation,114538.25,MOBILE_MONEY
KE-2400940,30/03/2024,MOF,Ministry of Finance,2110101,Basic salaries - permanent employees,TransAfrica Logistics,107197.89,CHEQUE
KE-2400941,23/05/2024,MOFA,Ministry of Family Affairs,2211320,Cervical cancer screening,Vitalis Pharma,273887.44,MOBILE_MONEY
KE-2400942,21/09/2023,MOFA,Ministry of Family Affairs,2211308,Youth SRH counselling services,Vitalis Pharma,134651.29,CHEQUE
KE-2400943,15/08/2023,MOE,Ministry of Education,2211103,Vaccines,Highlands Print Works,28719.95,CHEQUE
KE-2400944,03/07/2023,MOE,Ministry of Education,2211305,Immunisation outreach,Sunrise Cleaning Services,124761.79,CHEQUE
KE-2400945,27/09/2023,MOI,Ministry of Interior,2210301,Domestic travel,Modern Office Systems,49900.45,MOBILE_MONEY
KE-2400946,24/04/2024,MOI,Ministry of Interior,2211501,Refined fuels,Care Foundation,930.05,CHEQUE
KE-2400947,08/11/2023,MOI,Ministry of Interior,2211407,Cleaning and fumigation - health facilities,NextGen IT,2089.1,CHEQUE
KE-2400948,26/07/2023,MOFA,Ministry of Family Affairs,2211103,VACCINES,Sunrise Cleaning Services,,MOBILE_MONEY
KE-2400949,20/06/2024,MOFA,Ministry of Family Affairs,2110101,Basic salaries - permanent employees,MediPlus Distributors,7282.76,BANK_TRANSFER
KE-2400950,27/02/2024,MOE,Ministry of Education,2211404,SGBV survivor support services,Vitalis Pharma,699032.58,MOBILE_MONEY
KE-2400951,06/11/2023,MOFA,Ministry of Family Affairs,2210201,Communication supplies,Highlands Print Works,943337.87,BANK_TRANSFER
KE-2400952,04/11/2023,MOI,Ministry of Interior,3110101,Construction of buildings - health facilities,Regional Bank Services,2459.92,CHEQUE
KE-2400953,26/03/2024,MOI,Ministry of Interior,2211102,Contraceptives and family planning commodities,Public Health Institute,346643.98,MOBILE_MONEY
KE-2400954,17/10/2023,MOE,Ministry of Education,2211110,Maternity supplies and delivery kits,GreenLeaf Consultancy,3627.08,CHEQUE
KE-2400955,05/01/2024,MOFA,Ministry of Family Affairs,2211511,Printing and stationery,Regional Bank Services,"""16,685.51""",BANK_TRANSFER
KE-2400956,10/02/2024,MOF,Ministry of Finance,2211101,Medical drugs,GreenLeaf Consultancy,373540.68,CHEQUE
KE-2400957,01/12/2023,MOE,Ministry of Education,2211201,Laboratory reagents,GreenLeaf Consultancy,250466.62,MOBILE_MONEY
KE-2400958,02/06/2024,MOFA,Ministry of Family Affairs,2211102,Contraceptives and family planning commodities,GreenLeaf Consultancy,141633.37,BANK_TRANSFER
KE-2400959,01/12/2023,MOFA,Ministry of Family Affairs,2211308,youth srh counselling services,GreenLeaf Consultancy,27214.56,CHEQUE
KE-2400960,20/10/2023,MOH,Ministry of Health,2210301,Domestic travel,Vitalis Pharma,95144.85,MOBILE_MONEY
KE-2400961,03/06/2024,MOI,Ministry of Interior,2211501,Refined fuels,NextGen IT,100706.9,BANK_TRANSFER
KE-2400962,14/03/2024,MOI,Ministry of Interior,2211306,Antenatal outreach services,SafeWater Kenya,1898.87,BANK_TRANSFER
KE-2400963,05/08/2023,MOI,Ministry of Interior,2211199,General medical consumables,PharmaWest Africa,527999.34,CHEQUE
KE-2400964,09/02/2024,MOFA,Ministry of Family Affairs,3110101,Construction of buildings - health facilities,Regional Bank Services,4717.96,MOBILE_MONEY
KE-2400965,31/05/2024,MOH,Ministry of Health,2211501,Refined fuels,SafeWater Kenya,,MOBILE_MONEY
KE-2400966,03/09/2023,MOF,Ministry of Finance,2210301,Domestic travel,MediPlus Distributors,4670.09,BANK_TRANSFER
KE-2400967,26/10/2023,MOFA,Ministry of Family Affairs,2211404,SGBV survivor support services,GreenLeaf Consultancy,79985.39,MOBILE_MONEY
KE-2400968,24/04/2024,MOF,Ministry of Finance,2211102,Contraceptives and family planning commodities,United Diagnostics,4891.79,BANK_TRANSFER
KE-2400969,11/09/2023,MOI,Ministry of Interior,2211306,Antenatal outreach services,PharmaWest Africa,2129.49,BANK_TRANSFER
KE-2400970,22/06/2024,MOFA,Ministry of Family Affairs,2211320,Cervical cancer screening,MedSupplies Ltd,29673.26,BANK_TRANSFER
KE-2400971,06/08/2023,MOH,Ministry of Health,2211320,cervical cancer screening,NextGen IT,211439.66,CHEQUE
KE-2400972,21/01/2024,MOI,Ministry of Interior,2211103,Vaccines,NextGen IT,48604.3,BANK_TRANSFER
KE-2400973,13/04/2024,MOE,Ministry of Education,2211305,Immunisation outreach,Public Health Institute,328226.65,MOBILE_MONEY
KE-2400974,03/03/2024,MOE,Ministry of Education,2211105,HIV test kits and ARVs,PharmaWest Africa,271669.13,BANK_TRANSFER
KE-2400975,18/09/2023,MOI,Ministry of Interior,3110701,Purchase of vehicles - ambulances,BuildRight Contractors,77418.17,BANK_TRANSFER
KE-2400976,03/02/2024,MOI,Ministry of Interior,3110101,Construction of buildings - health facilities,PharmaWest Africa,54436.26,MOBILE_MONEY
KE-2400977,26/01/2024,MOF,Ministry of Finance,2211102,Contraceptives and family planning commodities,Vitalis Pharma,349720.89,CHEQUE
KE-2400978,12/09/2023,MOF,Ministry of Finance,2211320,Cervical cancer screening,BuildRight Contractors,4949.12,BANK_TRANSFER
KE-2400979,28/08/2023,MOFA,Ministry of Family Affairs,3110701,Purchase of vehicles - ambulances,Modern Office Systems,781822.14,BANK_TRANSFER
KE-2400980,17/08/2023,MOF,Ministry of Finance,2210201,Communication supplies,Nile Motors,"""112,341.48""",BANK_TRANSFER
KE-2400981,15/02/2024,MOFA,Ministry of Family Affairs,2211102,Contraceptives and family planning commodities,Modern Office Systems,267509.11,MOBILE_MONEY
KE-2400982,25/09/2023,MOE,Ministry of Education,2211201,Laboratory reagents,MediPlus Distributors,25934.48,MOBILE_MONEY
KE-2400983,19/10/2023,MOH,Ministry of Health,3110701,Purchase of vehicles - ambulances,PharmaWest Africa,14782.0,MOBILE_MONEY
KE-2400984,31/07/2023,MOFA,Ministry of Family Affairs,3110101,Construction of buildings - health facilities,MediPlus Distributors,7046.73,BANK_TRANSFER
KE-2400985,10/11/2023,MOF,Ministry of Finance,2211501,Refined fuels,MedSupplies Ltd,104640.45,MOBILE_MONEY
KE-2400986,05/01/2024,MOI,Ministry of Interior,3110101,Construction of buildings - health facilities,Vitalis Pharma,220120.08,CHEQUE
KE-2400987,01/01/2024,MOFA,Ministry of Family Affairs,2211201,Laboratory reagents,Vitalis Pharma,922796.22,CHEQUE
KE-2400988,08/08/2023,MOH,Ministry of Health,2211199,general medical consumables,Care Foundation,1103.63,MOBILE_MONEY
KE-2400989,11/08/2023,MOE,Ministry of Education,2211511,Printing and stationery,Modern Office Systems,34088.32,MOBILE_MONEY
KE-2400990,06/09/2023,MOF,Ministry of Finance,2211511,Printing and stationery,TechnoServ Africa,1383194.44,BANK_TRANSFER
KE-2400991,27/11/2023,MOE,Ministry of Education,2211320,Cervical cancer screening,MediPlus Distributors,1751972.61,CHEQUE
KE-2400992,12/04/2024,MOI,Ministry of Interior,2211308,Youth SRH counselling services,TransAfrica Logistics,2006445.38,MOBILE_MONEY
KE-2400993,15/10/2023,MOF,Ministry of Finance,2110101,Basic salaries - permanent employees,TechnoServ Africa,35913.94,CHEQUE
KE-2400994,26/01/2024,MOE,Ministry of Education,2211101,Medical drugs,Highlands Print Works,5546.95,CHEQUE
KE-2400995,25/07/2023,MOI,Ministry of Interior,2210201,Communication supplies,TransAfrica Logistics,2325.43,BANK_TRANSFER
KE-2400996,25/08/2023,MOF,Ministry of Finance,2211308,Youth SRH counselling services,MediPlus Distributors,-65809.99,BANK_TRANSFER
KE-2400997,11/09/2023,MOE,Ministry of Education,2211511,Printing and stationery,PharmaWest Africa,128746.55,BANK_TRANSFER
KE-2400998,24/07/2023,MOI,Ministry of Interior,2211320,cervical cancer screening,United Diagnostics,2100428.45,MOBILE_MONEY
KE-2400999,19/04/2024,MOH,Ministry of Health,2211306,Antenatal outreach services,MedSupplies Ltd,77941.17,MOBILE_MONEY
KE-2401000,08/10/2023,MOF,Ministry of Finance,2211501,Refined fuels,MediPlus Distributors,266331.55,BANK_TRANSFER
KE-2401001,03/01/2024,MOF,Ministry of Finance,2211103,Vaccines,Regional Bank Services,324680.61,MOBILE_MONEY
KE-2401002,08/12/2023,MOF,Ministry of Finance,2211308,Youth SRH counselling services,Sunrise Cleaning Services,29239.25,MOBILE_MONEY
KE-2401003,29/07/2023,MOF,Ministry of Finance,2211308,youth srh counselling services,GreenLeaf Consultancy,68454.2,BANK_TRANSFER
KE-2401004,19/11/2023,MOI,Ministry of Interior,2211306,antenatal outreach services,MedSupplies Ltd,19387.14,CHEQUE
KE-2401005,04/10/2023,MOF,Ministry of Finance,2211511,Printing and stationery,MedSupplies Ltd,1028645.78,CHEQUE
KE-2401006,31/03/2024,MOE,Ministry of Education,2211308,Youth SRH counselling services,PharmaWest Africa,2582.89,BANK_TRANSFER
KE-2401007,10/09/2023,MOH,Ministry of Health,2211102,Contraceptives and family planning commodities,Modern Office Systems,141787.11,MOBILE_MONEY
KE-2401008,06/12/2023,MOF,Ministry of Finance,2211105,HIV test kits and ARVs,NextGen IT,1092352.48,MOBILE_MONEY
KE-2401009,09/01/2024,MOH,Ministry of Health,2211199,General medical consumables,Regional Bank Services,648811.63,CHEQUE
KE-2401010,03/03/2024,MOFA,Ministry of Family Affairs,2211110,Maternity supplies and delivery kits,Highlands Print Works,138043.94,MOBILE_MONEY
KE-2401011,26/03/2024,MOH,Ministry of Health,2211404,SGBV survivor support services,TransAfrica Logistics,2177.72,BANK_TRANSFER
KE-2401012,15/05/2024,MOFA,Ministry of Family Affairs,2211103,Vaccines,Vitalis Pharma,1213076.19,MOBILE_MONEY
KE-2401013,13/07/2023,MOF,Ministry of Finance,2210201,Communication supplies,United Diagnostics,1757003.63,CHEQUE
KE-2401014,11/01/2024,MOE,Ministry of Education,2211110,Maternity supplies and delivery kits,NextGen IT,687288.85,CHEQUE
KE-2401015,26/07/2023,MOF,Ministry of Finance,2211404,SGBV survivor support services,Vitalis Pharma,6157.95,MOBILE_MONEY
KE-2401016,11/08/2023,MOI,Ministry of Interior,2211110,Maternity supplies and delivery kits,Modern Office Systems,357273.49,MOBILE_MONEY
KE-2401017,01/09/2023,MOF,Ministry of Finance,2211308,Youth SRH counselling services,NextGen IT,324599.37,BANK_TRANSFER
KE-2401018,04/07/2023,MOH,Ministry of Health,2211511,Printing and stationery,United Diagnostics,18965.5,CHEQUE
KE-2401019,19/10/2023,MOH,Ministry of Health,2211103,Vaccines,TransAfrica Logistics,121021.58,BANK_TRANSFER
KE-2401020,14/05/2024,MOH,Ministry of Health,2211199,General medical consumables,Sunrise Cleaning Services,25979.36,MOBILE_MONEY
KE-2401021,11/12/2023,MOH,Ministry of Health,3110701,Purchase of vehicles - ambulances,BuildRight Contractors,2426.78,CHEQUE
KE-2401022,17/06/2024,MOFA,Ministry of Family Affairs,2110101,Basic salaries - permanent employees,United Diagnostics,217977.4,MOBILE_MONEY
KE-2401023,05/12/2023,MOF,Ministry of Finance,3110101,Construction of buildings - health facilities,NextGen IT,5273.78,MOBILE_MONEY
KE-2401024,31/05/2024,MOF,Ministry of Finance,2211501,Refined fuels,NextGen IT,224534.37,MOBILE_MONEY
KE-2401025,25/04/2024,MOI,Ministry of Interior,3110701,Purchase of vehicles - ambulances,Modern Office Systems,32080.57,CHEQUE
KE-2401026,22/09/2023,MOH,Ministry of Health,2211201,laboratory reagents,TechnoServ Africa,12125.61,BANK_TRANSFER
KE-2401027,11/07/2023,MOF,Ministry of Finance,2211501,Refined fuels,Vitalis Pharma,859150.2,MOBILE_MONEY
KE-2401028,08/07/2023,MOFA,Ministry of Family Affairs,2210301,Domestic travel,United Diagnostics,13872.18,CHEQUE
KE-2401029,24/02/2024,MOFA,Ministry of Family Affairs,3110101,Construction of buildings - health facilities,Public Health Institute,688548.11,MOBILE_MONEY
KE-2401030,24/09/2023,MOI,Ministry of Interior,2211511,Printing and stationery,NextGen IT,1041.19,MOBILE_MONEY
KE-2401031,04/03/2024,MOF,Ministry of Finance,2211102,Contraceptives and family planning commodities,Vitalis Pharma,1552584.98,BANK_TRANSFER
KE-2401032,07/08/2023,MOE,Ministry of Education,3110101,Construction of buildings - health facilities,BuildRight Contractors,-2069925.45,CHEQUE
KE-2401033,27/04/2024,MOF,Ministry of Finance,2211199,General medical consumables,SafeWater Kenya,1279.75,MOBILE_MONEY
KE-2401034,08/09/2023,MOH,Ministry of Health,2211320,Cervical cancer screening,Sunrise Cleaning Services,233373.97,CHEQUE
KE-2401035,27/06/2024,MOF,Ministry of Finance,2210201,Communication supplies,GreenLeaf Consultancy,1828668.62,MOBILE_MONEY
KE-2401036,21/06/2024,MOFA,Ministry of Family Affairs,3110701,Purchase of vehicles - ambulances,Public Health Institute,2351.67,BANK_TRANSFER
KE-2401037,24/01/2024,MOF,Ministry of Finance,3110101,Construction of buildings - health facilities,GreenLeaf Consultancy,293421.96,CHEQUE
KE-2401038,06/10/2023,MOFA,Ministry of Family Affairs,2211308,Youth SRH counselling services,Public Health Institute,130619.11,MOBILE_MONEY
KE-2401039,19/02/2024,MOI,Ministry of Interior,2211404,SGBV survivor support services,Nile Motors,1499202.04,MOBILE_MONEY
KE-2401040,08/11/2023,MOFA,Ministry of Family Affairs,2211102,Contraceptives and family planning commodities,United Diagnostics,28952.22,BANK_TRANSFER
KE-2401041,29/08/2023,MOH,Ministry of Health,2211305,Immunisation outreach,Nile Motors,1172.85,MOBILE_MONEY
KE-2401042,06/11/2023,MOI,Ministry of Interior,2211102,Contraceptives and family planning commodities,MediPlus Distributors,582731.15,BANK_TRANSFER
KE-2401043,21/06/2024,MOH,Ministry of Health,2110101,Basic salaries - permanent employees,Sunrise Cleaning Services,7123.38,BANK_TRANSFER
KE-2401044,01/02/2024,MOH,Ministry of Health,2211404,SGBV survivor support services,MedSupplies Ltd,35467.85,CHEQUE
KE-2401045,03/04/2024,MOE,Ministry of Education,2211305,Immunisation outreach,TechnoServ Africa,1183123.95,BANK_TRANSFER
KE-2401046,08/03/2024,MOFA,Ministry of Family Affairs,2211306,Antenatal outreach services,SafeWater Kenya,6270.82,BANK_TRANSFER
KE-2401047,11/11/2023,MOFA,Ministry of Family Affairs,2110101,Basic salaries - permanent employees,MedSupplies Ltd,3082.44,CHEQUE
KE-2401048,24/01/2024,MOI,Ministry of Interior,3110701,Purchase of vehicles - ambulances,United Diagnostics,1484.0,BANK_TRANSFER
KE-2401049,21/01/2024,MOH,Ministry of Health,2211511,Printing and stationery,TransAfrica Logistics,878118.28,CHEQUE
KE-2401050,02/05/2024,MOF,Ministry of Finance,2211201,Laboratory reagents,NextGen IT,25062.16,MOBILE_MONEY
KE-2401051,21/06/2024,MOFA,Ministry of Family Affairs,2211308,Youth SRH counselling services,Modern Office Systems,3166.29,BANK_TRANSFER
KE-2401052,24/04/2024,MOI,Ministry of Interior,2211102,Contraceptives and family planning commodities,Regional Bank Services,242121.41,BANK_TRANSFER
KE-2401053,12/06/2024,MOH,Ministry of Health,2211320,Cervical cancer screening,Public Health Institute,184259.1,BANK_TRANSFER
KE-2401054,02/06/2024,MOI,Ministry of Interior,2211308,Youth SRH counselling services,GreenLeaf Consultancy,614717.41,BANK_TRANSFER
KE-2401055,13/05/2024,MOH,Ministry of Health,2211501,Refined fuels,TransAfrica Logistics,518065.04,BANK_TRANSFER
KE-2401056,17/02/2024,MOH,Ministry of Health,2210201,Communication supplies,MedSupplies Ltd,1371.11,MOBILE_MONEY
KE-2401057,07/02/2024,MOE,Ministry of Education,2211105,HIV test kits and ARVs,MediPlus Distributors,330589.91,CHEQUE
KE-2401058,11/02/2024,MOH,Ministry of Health,2210301,Domestic travel,MediPlus Distributors,"""545,812.95""",MOBILE_MONEY
KE-2401059,25/07/2023,MOF,Ministry of Finance,2210301,Domestic travel,Care Foundation,1325442.6,BANK_TRANSFER
KE-2401060,13/02/2024,MOFA,Ministry of Family Affairs,2211407,Cleaning and fumigation - health facilities,Public Health Institute,1552.48,BANK_TRANSFER
KE-2401061,11/05/2024,MOFA,Ministry of Family Affairs,2211306,Antenatal outreach services,BuildRight Contractors,229329.07,MOBILE_MONEY
KE-2401062,07/09/2023,MOH,Ministry of Health,2211308,Youth SRH counselling services,MedSupplies Ltd,1050200.41,MOBILE_MONEY
KE-2401063,24/09/2023,MOI,Ministry of Interior,2211199,General medical consumables,NextGen IT,3696.67,MOBILE_MONEY
KE-2401064,17/10/2023,MOE,Ministry of Education,2210201,Communication supplies,Regional Bank Services,-34999.31,BANK_TRANSFER
KE-2401065,07/03/2024,MOH,Ministry of Health,3110701,Purchase of vehicles - ambulances,BuildRight Contractors,33450.1,MOBILE_MONEY
KE-2401066,02/05/2024,MOI,Ministry of Interior,2211110,Maternity supplies and delivery kits,GreenLeaf Consultancy,757156.92,BANK_TRANSFER
KE-2401067,05/05/2024,MOFA,Ministry of Family Affairs,2211511,Printing and stationery,TransAfrica Logistics,1628.81,CHEQUE
KE-2401068,12/06/2024,MOF,Ministry of Finance,2211320,Cervical cancer screening,SafeWater Kenya,21201.81,MOBILE_MONEY
KE-2401069,21/02/2024,MOFA,Ministry of Family Affairs,2211102,Contraceptives and family planning commodities,Highlands Print Works,410494.72,BANK_TRANSFER
KE-2401070,01/04/2024,MOI,Ministry of Interior,2211407,Cleaning and fumigation - health facilities,Public Health Institute,2445.33,CHEQUE
KE-2401071,03/09/2023,MOFA,Ministry of Family Affairs,3110701,Purchase of vehicles - ambulances,BuildRight Contractors,142373.27,MOBILE_MONEY
KE-2401072,08/10/2023,MOFA,Ministry of Family Affairs,2211501,Refined fuels,BuildRight Contractors,340813.53,BANK_TRANSFER
KE-2401073,07/12/2023,MOF,Ministry of Finance,2211320,Cervical cancer screening,Nile Motors,211456.47,BANK_TRANSFER
KE-2401074,18/10/2023,MOH,Ministry of Health,2211407,Cleaning and fumigation - health facilities,MedSupplies Ltd,137920.73,CHEQUE
KE-2401075,22/09/2023,MOH,Ministry of Health,2211101,Medical drugs,Modern Office Systems,168510.75,MOBILE_MONEY
KE-2401076,31/12/2023,MOI,Ministry of Interior,2211305,Immunisation outreach,Regional Bank Services,101317.24,MOBILE_MONEY
KE-2401077,12/10/2023,MOFA,Ministry of Family Affairs,2210301,Domestic travel,PharmaWest Africa,5372.12,BANK_TRANSFER
KE-2401078,09/04/2024,MOFA,Ministry of Family Affairs,2211308,Youth SRH counselling services,MediPlus Distributors,28474.72,MOBILE_MONEY
KE-2401079,10/11/2023,MOF,Ministry of Finance,2210201,COMMUNICATION SUPPLIES,GreenLeaf Consultancy,1088.35,MOBILE_MONEY
KE-2401080,08/08/2023,MOE,Ministry of Education,2211105,HIV test kits and ARVs,MediPlus Distributors,1964649.46,MOBILE_MONEY
KE-2401081,08/11/2023,MOI,Ministry of Interior,2211201,Laboratory reagents,United Diagnostics,2039615.9,MOBILE_MONEY
KE-2401082,29/08/2023,MOH,Ministry of Health,2211501,Refined fuels,MediPlus Distributors,-263968.12,CHEQUE
KE-2401083,13/06/2024,MOE,Ministry of Education,2211306,Antenatal outreach services,PharmaWest Africa,7797.44,BANK_TRANSFER
KE-2401084,14/06/2024,MOF,Ministry of Finance,2211511,Printing and stationery,Highlands Print Works,7687.42,BANK_TRANSFER
KE-2401085,19/05/2024,MOFA,Ministry of Family Affairs,2211305,Immunisation outreach,TransAfrica Logistics,248659.49,CHEQUE
KE-2401086,02/10/2023,MOH,Ministry of Health,2110101,Basic salaries - permanent employees,Vitalis Pharma,77310.84,MOBILE_MONEY
KE-2401087,15/11/2023,MOF,Ministry of Finance,2211102,Contraceptives and family planning commodities,BuildRight Contractors,16178.25,BANK_TRANSFER
KE-2401088,03/01/2024,MOH,Ministry of Health,2211511,Printing and stationery,Public Health Institute,519338.44,CHEQUE
KE-2401089,07/04/2024,MOI,Ministry of Interior,2211305,Immunisation outreach,NextGen IT,897855.62,CHEQUE
KE-2401090,17/08/2023,MOF,Ministry of Finance,3110701,Purchase of vehicles - ambulances,Highlands Print Works,748359.12,CHEQUE
KE-2401091,13/02/2024,MOE,Ministry of Education,2110101,Basic salaries - permanent employees,Care Foundation,123217.45,BANK_TRANSFER
KE-2401092,04/07/2023,MOFA,Ministry of Family Affairs,2211102,Contraceptives and family planning commodities,Public Health Institute,1277.41,MOBILE_MONEY
KE-2401093,25/06/2024,MOI,Ministry of Interior,2211305,Immunisation outreach,GreenLeaf Consultancy,21358.35,BANK_TRANSFER
KE-2401094,18/03/2024,MOH,Ministry of Health,2211501,Refined fuels,MedSupplies Ltd,24718.08,BANK_TRANSFER
KE-2401095,16/09/2023,MOFA,Ministry of Family Affairs,2211199,GENERAL MEDICAL CONSUMABLES,Public Health Institute,1126906.35,MOBILE_MONEY
KE-2401096,02/05/2024,MOE,Ministry of Education,2211105,HIV TEST KITS AND ARVS,NextGen IT,847578.24,BANK_TRANSFER
KE-2401097,28/03/2024,MOH,Ministry of Health,2110101,Basic salaries - permanent employees,PharmaWest Africa,133921.23,CHEQUE
KE-2401098,08/12/2023,MOI,Ministry of Interior,2211320,Cervical cancer screening,Care Foundation,95197.81,BANK_TRANSFER
KE-2401099,25/07/2023,MOI,Ministry of Interior,2211110,Maternity supplies and delivery kits,Care Foundation,2254.95,BANK_TRANSFER
KE-2401100,18/01/2024,MOE,Ministry of Education,2211308,Youth SRH counselling services,United Diagnostics,1240.77,BANK_TRANSFER
KE-2401101,14/04/2024,MOF,Ministry of Finance,2211407,Cleaning and fumigation - health facilities,MediPlus Distributors,299574.34,CHEQUE
KE-2401102,30/12/2023,MOFA,Ministry of Family Affairs,2211199,General medical consumables,Sunrise Cleaning Services,6717.62,BANK_TRANSFER
KE-2401103,30/03/2024,MOH,Ministry of Health,2211101,Medical drugs,MediPlus Distributors,1380482.0,CHEQUE
KE-2401104,29/05/2024,MOF,Ministry of Finance,3110101,Construction of buildings - health facilities,Sunrise Cleaning Services,916431.18,CHEQUE
KE-2401105,20/02/2024,MOH,Ministry of Health,2211101,Medical drugs,Nile Motors,24819.15,MOBILE_MONEY
KE-2401106,16/02/2024,MOH,Ministry of Health,2211501,Refined fuels,SafeWater Kenya,116363.69,BANK_TRANSFER
KE-2401107,01/01/2024,MOFA,Ministry of Family Affairs,2211110,Maternity supplies and delivery kits,Nile Motors,858975.2,CHEQUE
KE-2401108,29/11/2023,MOE,Ministry of Education,2211501,Refined fuels,Sunrise Cleaning Services,5417.73,MOBILE_MONEY
KE-2401109,30/07/2023,MOH,Ministry of Health,3110101,Construction of buildings - health facilities,Vitalis Pharma,1674309.01,MOBILE_MONEY
KE-2401110,05/02/2024,MOF,Ministry of Finance,2110101,BASIC SALARIES - PERMANENT EMPLOYEES,Vitalis Pharma,8469.28,CHEQUE
KE-2401111,25/05/2024,MOF,Ministry of Finance,2211320,Cervical cancer screening,Care Foundation,224512.16,BANK_TRANSFER
KE-2401112,11/11/2023,MOF,Ministry of Finance,2211501,Refined fuels,TransAfrica Logistics,386386.3,BANK_TRANSFER
KE-2401113,02/06/2024,MOE,Ministry of Education,2210201,Communication supplies,MediPlus Distributors,3854.13,MOBILE_MONEY
KE-2401114,07/05/2024,MOFA,Ministry of Family Affairs,2211306,Antenatal outreach services,PharmaWest Africa,274737.77,MOBILE_MONEY
KE-2401115,10/11/2023,MOFA,Ministry of Family Affairs,2211201,Laboratory reagents,Nile Motors,1588350.79,CHEQUE
KE-2401116,23/08/2023,MOH,Ministry of Health,2210301,Domestic travel,Vitalis Pharma,336256.93,MOBILE_MONEY
KE-2401117,28/03/2024,MOE,Ministry of Education,2211407,Cleaning and fumigation - health facilities,Modern Office Systems,71762.49,CHEQUE
KE-2401118,13/02/2024,MOFA,Ministry of Family Affairs,2211102,Contraceptives and family planning commodities,TransAfrica Logistics,,MOBILE_MONEY
KE-2401119,17/10/2023,MOFA,Ministry of Family Affairs,2211105,HIV test kits and ARVs,MediPlus Distributors,1689132.3,CHEQUE
KE-2401120,31/03/2024,MOF,Ministry of Finance,2211305,Immunisation outreach,Regional Bank Services,3025.36,MOBILE_MONEY
KE-2401121,18/03/2024,MOH,Ministry of Health,3110701,Purchase of vehicles - ambulances,TransAfrica Logistics,141207.55,CHEQUE
KE-2401122,14/12/2023,MOI,Ministry of Interior,2211199,General medical consumables,TechnoServ Africa,235746.68,BANK_TRANSFER
KE-2401123,28/12/2023,MOI,Ministry of Interior,3110701,Purchase of vehicles - ambulances,MediPlus Distributors,7867.65,CHEQUE
KE-2401124,28/01/2024,MOI,Ministry of Interior,2211199,General medical consumables,NextGen IT,87369.54,MOBILE_MONEY
KE-2401125,31/12/2023,MOE,Ministry of Education,2211101,Medical drugs,Public Health Institute,153028.66,BANK_TRANSFER
KE-2401126,21/04/2024,MOFA,Ministry of Family Affairs,2211511,Printing and stationery,Regional Bank Services,474279.79,BANK_TRANSFER
KE-2401127,19/10/2023,MOF,Ministry of Finance,2211305,Immunisation outreach,Nile Motors,249002.06,MOBILE_MONEY
KE-2401128,14/06/2024,MOFA,Ministry of Family Affairs,2211404,SGBV survivor support services,Highlands Print Works,632076.0,CHEQUE
KE-2401129,20/12/2023,MOE,Ministry of Education,2211102,Contraceptives and family planning commodities,Care Foundation,4797.74,CHEQUE
KE-2401130,17/05/2024,MOI,Ministry of Interior,2211407,Cleaning and fumigation - health facilities,MediPlus Distributors,295470.05,CHEQUE
KE-2401131,31/03/2024,MOH,Ministry of Health,2211102,Contraceptives and family planning commodities,Nile Motors,180954.4,MOBILE_MONEY
KE-2401132,24/05/2024,MOE,Ministry of Education,2211320,Cervical cancer screening,GreenLeaf Consultancy,2434.07,BANK_TRANSFER
KE-2401133,12/11/2023,MOFA,Ministry of Family Affairs,2211404,SGBV survivor support services,GreenLeaf Consultancy,125614.77,MOBILE_MONEY
KE-2401134,11/05/2024,MOH,Ministry of Health,2210301,Domestic travel,TransAfrica Logistics,669138.92,CHEQUE
KE-2401135,28/09/2023,MOE,Ministry of Education,2211305,Immunisation outreach,NextGen IT,1139.32,MOBILE_MONEY
KE-2401136,18/09/2023,MOE,Ministry of Education,2211101,Medical drugs,TransAfrica Logistics,832817.57,MOBILE_MONEY
KE-2401137,21/04/2024,MOE,Ministry of Education,2211201,Laboratory reagents,GreenLeaf Consultancy,136222.65,BANK_TRANSFER
KE-2401138,23/04/2024,MOF,Ministry of Finance,2211404,SGBV survivor support services,PharmaWest Africa,48834.82,CHEQUE
KE-2401139,27/05/2024,MOF,Ministry of Finance,2211110,MATERNITY SUPPLIES AND DELIVERY KITS,TechnoServ Africa,697779.11,BANK_TRANSFER
KE-2401140,27/01/2024,MOI,Ministry of Interior,3110701,purchase of vehicles - ambulances,GreenLeaf Consultancy,289847.25,MOBILE_MONEY
KE-2401141,18/03/2024,MOI,Ministry of Interior,2211306,Antenatal outreach services,Nile Motors,5778.88,MOBILE_MONEY
KE-2401142,03/08/2023,MOFA,Ministry of Family Affairs,2211320,Cervical cancer screening,NextGen IT,339097.31,MOBILE_MONEY
KE-2401143,14/07/2023,MOI,Ministry of Interior,2211407,Cleaning and fumigation - health facilities,Sunrise Cleaning Services,1417.37,BANK_TRANSFER
KE-2401144,09/06/2024,MOH,Ministry of Health,2211407,Cleaning and fumigation - health facilities,Regional Bank Services,19488.53,MOBILE_MONEY
KE-2401145,01/05/2024,MOF,Ministry of Finance,2211308,Youth SRH counselling services,Vitalis Pharma,484281.29,BANK_TRANSFER
KE-2401146,18/12/2023,MOH,Ministry of Health,3110701,Purchase of vehicles - ambulances,Care Foundation,373686.56,MOBILE_MONEY
KE-2401147,22/01/2024,MOI,Ministry of Interior,2110101,Basic salaries - permanent employees,United Diagnostics,495808.24,BANK_TRANSFER
KE-2401148,26/05/2024,MOH,Ministry of Health,2211305,Immunisation outreach,Nile Motors,2156.95,CHEQUE
KE-2401149,19/03/2024,MOF,Ministry of Finance,2211407,Cleaning and fumigation - health facilities,SafeWater Kenya,31628.19,MOBILE_MONEY
KE-2401150,28/08/2023,MOH,Ministry of Health,2211501,Refined fuels,Vitalis Pharma,681776.76,BANK_TRANSFER
KE-2401151,01/06/2024,MOE,Ministry of Education,2210301,Domestic travel,TechnoServ Africa,687756.54,CHEQUE
KE-2401152,30/12/2023,MOF,Ministry of Finance,2211110,Maternity supplies and delivery kits,Nile Motors,203418.84,CHEQUE
KE-2401153,08/05/2024,MOFA,Ministry of Family Affairs,2211320,Cervical cancer screening,GreenLeaf Consultancy,90225.57,CHEQUE
KE-2401154,13/03/2024,MOF,Ministry of Finance,2211308,YOUTH SRH COUNSELLING SERVICES,Nile Motors,5826.04,MOBILE_MONEY
KE-2401155,16/02/2024,MOE,Ministry of Education,2211110,Maternity supplies and delivery kits,Public Health Institute,873959.31,BANK_TRANSFER
KE-2401156,19/11/2023,MOFA,Ministry of Family Affairs,2211201,Laboratory reagents,United Diagnostics,268757.4,CHEQUE
KE-2401157,11/03/2024,MOI,Ministry of Interior,2211101,Medical drugs,Nile Motors,445058.75,MOBILE_MONEY
KE-2401158,31/07/2023,MOH,Ministry of Health,3110101,Construction of buildings - health facilities,Highlands Print Works,5453.21,BANK_TRANSFER
KE-2401159,04/01/2024,MOI,Ministry of Interior,2211501,REFINED FUELS,Modern Office Systems,473035.58,CHEQUE
KE-2401160,16/04/2024,MOF,Ministry of Finance,2211201,Laboratory reagents,Regional Bank Services,820636.13,CHEQUE
KE-2401161,05/10/2023,MOH,Ministry of Health,2211102,Contraceptives and family planning commodities,Public Health Institute,13828.01,CHEQUE
KE-2401162,19/12/2023,MOH,Ministry of Health,2211407,cleaning and fumigation - health facilities,TransAfrica Logistics,2206.22,CHEQUE
KE-2401163,11/04/2024,MOI,Ministry of Interior,2211199,General medical consumables,TransAfrica Logistics,21405.86,BANK_TRANSFER
KE-2401164,10/04/2024,MOFA,Ministry of Family Affairs,2211501,Refined fuels,MedSupplies Ltd,2646.73,MOBILE_MONEY
KE-2401165,28/06/2024,MOI,Ministry of Interior,2210301,Domestic travel,Vitalis Pharma,17569.62,BANK_TRANSFER
KE-2401166,16/10/2023,MOH,Ministry of Health,2211407,Cleaning and fumigation - health facilities,TechnoServ Africa,2296.99,MOBILE_MONEY
KE-2401167,19/01/2024,MOF,Ministry of Finance,2211306,Antenatal outreach services,Vitalis Pharma,900014.7,MOBILE_MONEY
KE-2401168,14/06/2024,MOI,Ministry of Interior,3110101,Construction of buildings - health facilities,BuildRight Contractors,3083.67,MOBILE_MONEY
KE-2401169,17/05/2024,MOE,Ministry of Education,2211501,Refined fuels,GreenLeaf Consultancy,23841.05,BANK_TRANSFER
KE-2401170,24/05/2024,MOI,Ministry of Interior,2211306,Antenatal outreach services,GreenLeaf Consultancy,105945.21,BANK_TRANSFER
KE-2401171,22/01/2024,MOE,Ministry of Education,2211105,HIV test kits and ARVs,Public Health Institute,208893.63,CHEQUE
KE-2401172,23/11/2023,MOI,Ministry of Interior,2211103,Vaccines,Vitalis Pharma,473196.97,BANK_TRANSFER
KE-2401173,21/06/2024,MOE,Ministry of Education,2211102,Contraceptives and family planning commodities,Nile Motors,50133.23,MOBILE_MONEY
KE-2401174,07/12/2023,MOE,Ministry of Education,2211308,Youth SRH counselling services,Nile Motors,8884.55,MOBILE_MONEY
KE-2401175,21/05/2024,MOE,Ministry of Education,2211306,Antenatal outreach services,NextGen IT,433481.88,BANK_TRANSFER
KE-2401176,19/03/2024,MOF,Ministry of Finance,2210201,Communication supplies,TechnoServ Africa,1014551.13,CHEQUE
KE-2401177,14/05/2024,MOE,Ministry of Education,2211404,sgbv survivor support services,Public Health Institute,67461.31,BANK_TRANSFER
KE-2401178,16/03/2024,MOE,Ministry of Education,3110101,Construction of buildings - health facilities,NextGen IT,839056.29,BANK_TRANSFER
KE-2401179,15/07/2023,MOI,Ministry of Interior,2210301,Domestic travel,SafeWater Kenya,7414.18,MOBILE_MONEY
KE-2401180,10/05/2024,MOI,Ministry of Interior,2210201,Communication supplies,Modern Office Systems,344977.39,BANK_TRANSFER
KE-2401181,31/03/2024,MOI,Ministry of Interior,2211308,Youth SRH counselling services,GreenLeaf Consultancy,89528.21,BANK_TRANSFER
KE-2401182,20/11/2023,MOE,Ministry of Education,2211110,Maternity supplies and delivery kits,MediPlus Distributors,1099428.59,CHEQUE
KE-2401183,05/09/2023,MOF,Ministry of Finance,2211105,HIV test kits and ARVs,Sunrise Cleaning Services,912.27,MOBILE_MONEY
KE-2401184,12/05/2024,MOI,Ministry of Interior,3110701,Purchase of vehicles - ambulances,TechnoServ Africa,126426.42,MOBILE_MONEY
KE-2401185,18/08/2023,MOE,Ministry of Education,2211407,Cleaning and fumigation - health facilities,GreenLeaf Consultancy,1293412.1,CHEQUE
KE-2401186,18/04/2024,MOH,Ministry of Health,3110701,Purchase of vehicles - ambulances,Sunrise Cleaning Services,1728897.2,BANK_TRANSFER
KE-2401187,22/12/2023,MOH,Ministry of Health,2211305,Immunisation outreach,Sunrise Cleaning Services,20977.3,MOBILE_MONEY
KE-2401188,26/03/2024,MOFA,Ministry of Family Affairs,2211308,youth srh counselling services,SafeWater Kenya,8858.79,CHEQUE
KE-2401189,22/04/2024,MOI,Ministry of Interior,2211103,Vaccines,United Diagnostics,248147.13,CHEQUE
KE-2401190,18/07/2023,MOFA,Ministry of Family Affairs,2211305,Immunisation outreach,GreenLeaf Consultancy,1766.77,MOBILE_MONEY
KE-2401191,29/07/2023,MOH,Ministry of Health,2211199,General medical consumables,SafeWater Kenya,4586.03,BANK_TRANSFER
KE-2401192,21/10/2023,MOH,Ministry of Health,2211404,SGBV survivor support services,Modern Office Systems,33590.74,BANK_TRANSFER
KE-2401193,22/03/2024,MOFA,Ministry of Family Affairs,2211308,Youth SRH counselling services,Vitalis Pharma,18270.46,MOBILE_MONEY
KE-2401194,14/01/2024,MOF,Ministry of Finance,2211404,sgbv survivor support services,GreenLeaf Consultancy,83474.78,MOBILE_MONEY
KE-2401195,01/11/2023,MOF,Ministry of Finance,2211201,Laboratory reagents,Regional Bank Services,1143065.43,CHEQUE
KE-2401196,07/09/2023,MOF,Ministry of Finance,2110101,Basic salaries - permanent employees,Sunrise Cleaning Services,1859626.36,MOBILE_MONEY
KE-2401197,17/12/2023,MOE,Ministry of Education,2211105,HIV test kits and ARVs,Sunrise Cleaning Services,309160.69,BANK_TRANSFER
KE-2401198,15/04/2024,MOFA,Ministry of Family Affairs,2210301,Domestic travel,Public Health Institute,1996223.55,CHEQUE
KE-2401199,26/03/2024,MOF,Ministry of Finance,2211308,Youth SRH counselling services,Highlands Print Works,6743.9,MOBILE_MONEY
KE-2401200,23/12/2023,MOE,Ministry of Education,3110701,Purchase of vehicles - ambulances,BuildRight Contractors,936378.86,BANK_TRANSFER
KE-2401201,09/08/2023,MOH,Ministry of Health,2211511,Printing and stationery,NextGen IT,407081.6,BANK_TRANSFER
KE-2401202,03/08/2023,MOH,Ministry of Health,2211101,Medical drugs,Care Foundation,1564.06,CHEQUE
KE-2401203,11/03/2024,MOE,Ministry of Education,2211320,Cervical cancer screening,GreenLeaf Consultancy,230999.64,CHEQUE
KE-2401204,29/06/2024,MOFA,Ministry of Family Affairs,2211305,Immunisation outreach,Care Foundation,86655.84,MOBILE_MONEY
KE-2401205,26/10/2023,MOH,Ministry of Health,2211103,Vaccines,MedSupplies Ltd,234911.5,BANK_TRANSFER
KE-2401206,15/12/2023,MOF,Ministry of Finance,2211201,Laboratory reagents,BuildRight Contractors,7195.37,BANK_TRANSFER
KE-2401207,31/07/2023,MOE,Ministry of Education,2211511,Printing and stationery,United Diagnostics,216093.19,MOBILE_MONEY
KE-2401208,24/01/2024,MOFA,Ministry of Family Affairs,2211201,Laboratory reagents,TechnoServ Africa,1347.01,MOBILE_MONEY
KE-2401209,22/10/2023,MOFA,Ministry of Family Affairs,2211407,Cleaning and fumigation - health facilities,Sunrise Cleaning Services,105462.79,BANK_TRANSFER
KE-2401210,24/05/2024,MOI,Ministry of Interior,2211511,Printing and stationery,BuildRight Contractors,367505.17,BANK_TRANSFER
KE-2401211,12/08/2023,MOH,Ministry of Health,2211306,Antenatal outreach services,NextGen IT,35537.02,CHEQUE
KE-2401212,12/09/2023,MOI,Ministry of Interior,2211407,Cleaning and fumigation - health facilities,NextGen IT,22661.74,BANK_TRANSFER
KE-2401213,06/12/2023,MOFA,Ministry of Family Affairs,2211305,Immunisation outreach,TransAfrica Logistics,33295.57,MOBILE_MONEY
KE-2401214,31/01/2024,MOI,Ministry of Interior,2211199,General medical consumables,Vitalis Pharma,1252721.85,CHEQUE
KE-2401215,22/02/2024,MOH,Ministry of Health,2211110,Maternity supplies and delivery kits,TransAfrica Logistics,101813.75,CHEQUE
KE-2401216,17/10/2023,MOE,Ministry of Education,2211320,Cervical cancer screening,GreenLeaf Consultancy,-102003.17,CHEQUE
KE-2401217,16/11/2023,MOE,Ministry of Education,3110101,Construction of buildings - health facilities,MediPlus Distributors,291483.0,MOBILE_MONEY
KE-2401218,01/05/2024,MOFA,Ministry of Family Affairs,2211407,Cleaning and fumigation - health facilities,Public Health Institute,226711.43,BANK_TRANSFER
KE-2401219,27/10/2023,MOFA,Ministry of Family Affairs,2211501,Refined fuels,PharmaWest Africa,28850.84,BANK_TRANSFER
KE-2401220,19/05/2024,MOH,Ministry of Health,2211511,Printing and stationery,TechnoServ Africa,777279.26,MOBILE_MONEY
KE-2401221,22/09/2023,MOFA,Ministry of Family Affairs,2211110,maternity supplies and delivery kits,Highlands Print Works,-125678.04,CHEQUE
KE-2401222,13/07/2023,MOH,Ministry of Health,2211110,Maternity supplies and delivery kits,TechnoServ Africa,1165972.82,MOBILE_MONEY
KE-2401223,01/06/2024,MOH,Ministry of Health,2211404,SGBV survivor support services,PharmaWest Africa,153977.58,CHEQUE
KE-2401224,28/03/2024,MOI,Ministry of Interior,2211110,Maternity supplies and delivery kits,TransAfrica Logistics,279860.52,BANK_TRANSFER
KE-2401225,18/07/2023,MOFA,Ministry of Family Affairs,2211306,Antenatal outreach services,Nile Motors,17187.41,BANK_TRANSFER
KE-2401226,15/02/2024,MOF,Ministry of Finance,2211105,HIV test kits and ARVs,NextGen IT,125984.23,BANK_TRANSFER
KE-2401227,27/04/2024,MOE,Ministry of Education,3110701,Purchase of vehicles - ambulances,Regional Bank Services,28843.94,MOBILE_MONEY
KE-2401228,22/06/2024,MOH,Ministry of Health,2110101,Basic salaries - permanent employees,Regional Bank Services,878359.28,MOBILE_MONEY
KE-2401229,11/02/2024,MOF,Ministry of Finance,3110701,Purchase of vehicles - ambulances,SafeWater Kenya,91486.56,MOBILE_MONEY
KE-2401230,22/05/2024,MOI,Ministry of Interior,2211308,Youth SRH counselling services,Modern Office Systems,324310.04,BANK_TRANSFER
KE-2401231,07/07/2023,MOF,Ministry of Finance,2211102,Contraceptives and family planning commodities,Public Health Institute,2167.14,CHEQUE
KE-2401232,26/12/2023,MOF,Ministry of Finance,3110701,Purchase of vehicles - ambulances,Sunrise Cleaning Services,1036687.7,CHEQUE
KE-2401233,07/01/2024,MOE,Ministry of Education,3110701,Purchase of vehicles - ambulances,TransAfrica Logistics,1352166.71,MOBILE_MONEY
KE-2401234,01/09/2023,MOH,Ministry of Health,2211511,Printing and stationery,MedSupplies Ltd,842738.51,BANK_TRANSFER
KE-2401235,24/04/2024,MOI,Ministry of Interior,3110101,Construction of buildings - health facilities,Modern Office Systems,50828.76,BANK_TRANSFER
KE-2401236,12/12/2023,MOE,Ministry of Education,2211199,General medical consumables,Sunrise Cleaning Services,2459.33,MOBILE_MONEY
KE-2401237,05/06/2024,MOI,Ministry of Interior,3110701,Purchase of vehicles - ambulances,Public Health Institute,115269.59,CHEQUE
KE-2401238,10/04/2024,MOE,Ministry of Education,2211305,Immunisation outreach,Nile Motors,25559.97,BANK_TRANSFER
KE-2401239,26/10/2023,MOF,Ministry of Finance,2211404,SGBV survivor support services,Sunrise Cleaning Services,27360.89,CHEQUE
KE-2401240,18/01/2024,MOE,Ministry of Education,2211501,refined fuels,SafeWater Kenya,2654.68,BANK_TRANSFER
KE-2401241,27/08/2023,MOI,Ministry of Interior,2210201,Communication supplies,TransAfrica Logistics,318245.95,MOBILE_MONEY
KE-2401242,22/12/2023,MOI,Ministry of Interior,2211105,HIV test kits and ARVs,Sunrise Cleaning Services,28678.28,BANK_TRANSFER
KE-2401243,08/01/2024,MOF,Ministry of Finance,2211407,Cleaning and fumigation - health facilities,United Diagnostics,120559.4,BANK_TRANSFER
KE-2401244,16/08/2023,MOFA,Ministry of Family Affairs,2210301,Domestic travel,Regional Bank Services,1560.74,MOBILE_MONEY
KE-2401245,04/02/2024,MOI,Ministry of Interior,2211404,SGBV survivor support services,BuildRight Contractors,17431.06,BANK_TRANSFER
KE-2401246,24/07/2023,MOF,Ministry of Finance,2211102,contraceptives and family planning commodities,Highlands Print Works,16819.09,MOBILE_MONEY
KE-2401247,17/04/2024,MOE,Ministry of Education,2211201,Laboratory reagents,Nile Motors,26977.88,BANK_TRANSFER
KE-2401248,25/08/2023,MOFA,Ministry of Family Affairs,2211511,Printing and stationery,SafeWater Kenya,138749.0,MOBILE_MONEY
KE-2401249,29/02/2024,MOF,Ministry of Finance,2211511,Printing and stationery,TechnoServ Africa,452908.41,CHEQUE
KE-2401250,15/05/2024,MOE,Ministry of Education,2211101,Medical drugs,MediPlus Distributors,2286.97,MOBILE_MONEY
KE-2401251,07/03/2024,MOH,Ministry of Health,2110101,Basic salaries - permanent employees,Regional Bank Services,1308.74,CHEQUE
KE-2401252,29/06/2024,MOI,Ministry of Interior,2211102,Contraceptives and family planning commodities,Highlands Print Works,133279.93,MOBILE_MONEY
KE-2401253,03/09/2023,MOF,Ministry of Finance,2211199,General medical consumables,Vitalis Pharma,104888.3,MOBILE_MONEY
KE-2401254,18/04/2024,MOF,Ministry of Finance,3110701,Purchase of vehicles - ambulances,Regional Bank Services,7685.6,CHEQUE
KE-2401255,08/08/2023,MOF,Ministry of Finance,2211501,Refined fuels,Highlands Print Works,406153.42,CHEQUE
KE-2401256,25/04/2024,MOF,Ministry of Finance,2211501,Refined fuels,TechnoServ Africa,24227.5,BANK_TRANSFER
KE-2401257,15/02/2024,MOF,Ministry of Finance,3110101,Construction of buildings - health facilities,BuildRight Contractors,409180.08,MOBILE_MONEY
KE-2401258,19/01/2024,MOF,Ministry of Finance,3110701,Purchase of vehicles - ambulances,Care Foundation,30310.09,MOBILE_MONEY
KE-2401259,25/12/2023,MOFA,Ministry of Family Affairs,2211102,Contraceptives and family planning commodities,BuildRight Contractors,8177.39,CHEQUE
KE-2401260,30/06/2024,MOH,Ministry of Health,2211101,Medical drugs,SafeWater Kenya,2074.53,MOBILE_MONEY
KE-2401261,26/10/2023,MOF,Ministry of Finance,3110701,Purchase of vehicles - ambulances,Highlands Print Works,114116.94,MOBILE_MONEY
KE-2401262,20/08/2023,MOE,Ministry of Education,3110101,Construction of buildings - health facilities,Regional Bank Services,334855.83,BANK_TRANSFER
KE-2401263,19/07/2023,MOF,Ministry of Finance,2211501,Refined fuels,United Diagnostics,8888.08,BANK_TRANSFER
KE-2401264,10/12/2023,MOE,Ministry of Education,3110701,Purchase of vehicles - ambulances,Sunrise Cleaning Services,48948.91,MOBILE_MONEY
KE-2401265,09/04/2024,MOE,Ministry of Education,2211110,Maternity supplies and delivery kits,Nile Motors,833955.79,BANK_TRANSFER
KE-2401266,07/12/2023,MOH,Ministry of Health,2211404,SGBV survivor support services,TechnoServ Africa,2092124.24,MOBILE_MONEY
KE-2401267,29/05/2024,MOH,Ministry of Health,2211199,general medical consumables,TechnoServ Africa,4229.77,CHEQUE
KE-2401268,18/03/2024,MOI,Ministry of Interior,2211105,hiv test kits and arvs,Highlands Print Works,546735.65,CHEQUE
KE-2401269,12/11/2023,MOF,Ministry of Finance,2211110,Maternity supplies and delivery kits,Modern Office Systems,1595237.08,MOBILE_MONEY
KE-2401270,18/07/2023,MOI,Ministry of Interior,2211501,Refined fuels,PharmaWest Africa,50249.46,MOBILE_MONEY
KE-2401271,04/01/2024,MOE,Ministry of Education,2211320,Cervical cancer screening,Highlands Print Works,-2689.39,MOBILE_MONEY
KE-2401272,07/09/2023,MOE,Ministry of Education,2211110,Maternity supplies and delivery kits,United Diagnostics,34059.02,BANK_TRANSFER
KE-2401273,25/05/2024,MOI,Ministry of Interior,2211101,Medical drugs,Nile Motors,131267.71,BANK_TRANSFER
KE-2401274,05/09/2023,MOFA,Ministry of Family Affairs,2211407,Cleaning and fumigation - health facilities,PharmaWest Africa,4448.66,MOBILE_MONEY
KE-2401275,14/01/2024,MOF,Ministry of Finance,2211305,IMMUNISATION OUTREACH,United Diagnostics,6706.11,CHEQUE
KE-2401276,08/03/2024,MOE,Ministry of Education,2211501,refined fuels,Sunrise Cleaning Services,-270833.19,BANK_TRANSFER
KE-2401277,30/01/2024,MOI,Ministry of Interior,2210301,Domestic travel,TechnoServ Africa,682121.09,CHEQUE
KE-2401278,10/10/2023,MOE,Ministry of Education,2211308,Youth SRH counselling services,NextGen IT,123689.85,MOBILE_MONEY
KE-2401279,06/02/2024,MOF,Ministry of Finance,2211201,Laboratory reagents,PharmaWest Africa,2226.52,CHEQUE
KE-2401280,12/02/2024,MOH,Ministry of Health,2211511,printing and stationery,BuildRight Contractors,1557047.32,CHEQUE
KE-2401281,21/07/2023,MOE,Ministry of Education,2211501,Refined fuels,MediPlus Distributors,1771758.62,MOBILE_MONEY
KE-2401282,06/02/2024,MOH,Ministry of Health,2211102,contraceptives and family planning commodities,Nile Motors,1516.15,CHEQUE
KE-2401283,25/12/2023,MOH,Ministry of Health,2211407,Cleaning and fumigation - health facilities,Care Foundation,286270.22,BANK_TRANSFER
KE-2401284,16/10/2023,MOF,Ministry of Finance,2211308,youth srh counselling services,NextGen IT,219538.12,BANK_TRANSFER
KE-2401285,07/08/2023,MOF,Ministry of Finance,2211501,Refined fuels,United Diagnostics,2067.67,MOBILE_MONEY
KE-2401286,11/01/2024,MOFA,Ministry of Family Affairs,2211101,Medical drugs,Public Health Institute,26551.52,MOBILE_MONEY
KE-2401287,04/11/2023,MOFA,Ministry of Family Affairs,3110701,Purchase of vehicles - ambulances,United Diagnostics,1779.34,MOBILE_MONEY
KE-2401288,24/05/2024,MOFA,Ministry of Family Affairs,2211306,Antenatal outreach services,Nile Motors,1934.41,MOBILE_MONEY
KE-2401289,22/08/2023,MOFA,Ministry of Family Affairs,2211308,Youth SRH counselling services,Nile Motors,6444.91,CHEQUE
KE-2401290,08/09/2023,MOH,Ministry of Health,2211511,Printing and stationery,Sunrise Cleaning Services,133470.4,CHEQUE
KE-2401291,12/09/2023,MOF,Ministry of Finance,2210301,domestic travel,MedSupplies Ltd,4005.39,BANK_TRANSFER
KE-2401292,12/09/2023,MOFA,Ministry of Family Affairs,2110101,Basic salaries - permanent employees,NextGen IT,387790.4,MOBILE_MONEY
KE-2401293,23/10/2023,MOI,Ministry of Interior,3110101,Construction of buildings - health facilities,Modern Office Systems,23786.79,MOBILE_MONEY
KE-2401294,26/04/2024,MOF,Ministry of Finance,2211101,Medical drugs,Modern Office Systems,670098.89,CHEQUE
KE-2401295,16/10/2023,MOE,Ministry of Education,3110701,Purchase of vehicles - ambulances,United Diagnostics,6405.54,CHEQUE
KE-2401296,20/09/2023,MOH,Ministry of Health,2211105,HIV test kits and ARVs,BuildRight Contractors,141401.26,MOBILE_MONEY
KE-2401297,28/09/2023,MOE,Ministry of Education,2211199,General medical consumables,Care Foundation,3578.15,MOBILE_MONEY
KE-2401298,26/08/2023,MOFA,Ministry of Family Affairs,2211102,Contraceptives and family planning commodities,TechnoServ Africa,4819.94,MOBILE_MONEY
KE-2401299,16/05/2024,MOE,Ministry of Education,2211103,vaccines,TransAfrica Logistics,139925.72,CHEQUE
KE-2401300,11/03/2024,MOE,Ministry of Education,2210301,Domestic travel,MediPlus Distributors,126558.22,CHEQUE
KE-2401301,03/07/2023,MOF,Ministry of Finance,2211305,Immunisation outreach,Care Foundation,24744.37,CHEQUE
KE-2401302,08/01/2024,MOE,Ministry of Education,2211305,Immunisation outreach,Nile Motors,1046.22,MOBILE_MONEY
KE-2401303,28/09/2023,MOFA,Ministry of Family Affairs,3110701,purchase of vehicles - ambulances,United Diagnostics,1911.85,BANK_TRANSFER
KE-2401304,12/09/2023,MOE,Ministry of Education,2211201,Laboratory reagents,Highlands Print Works,33200.01,CHEQUE
KE-2401305,13/03/2024,MOE,Ministry of Education,2211501,Refined fuels,BuildRight Contractors,1418.52,BANK_TRANSFER
KE-2401306,09/06/2024,MOH,Ministry of Health,2211320,CERVICAL CANCER SCREENING,MedSupplies Ltd,12504.12,MOBILE_MONEY
KE-2401307,09/09/2023,MOE,Ministry of Education,2211105,HIV test kits and ARVs,PharmaWest Africa,464946.95,BANK_TRANSFER
KE-2401308,23/08/2023,MOF,Ministry of Finance,2211105,HIV test kits and ARVs,Care Foundation,1214683.08,BANK_TRANSFER
KE-2401309,24/04/2024,MOFA,Ministry of Family Affairs,2211201,Laboratory reagents,Care Foundation,909286.08,CHEQUE
KE-2401310,21/11/2023,MOE,Ministry of Education,3110101,Construction of buildings - health facilities,Regional Bank Services,476931.29,MOBILE_MONEY
KE-2401311,17/07/2023,MOI,Ministry of Interior,2211501,Refined fuels,NextGen IT,2107.98,BANK_TRANSFER
KE-2401312,14/07/2023,MOH,Ministry of Health,3110701,Purchase of vehicles - ambulances,Care Foundation,16763.78,BANK_TRANSFER
KE-2401313,27/11/2023,MOI,Ministry of Interior,2211305,Immunisation outreach,GreenLeaf Consultancy,647891.97,CHEQUE
KE-2401314,27/04/2024,MOFA,Ministry of Family Affairs,2211103,vaccines,TechnoServ Africa,7182.13,MOBILE_MONEY
KE-2401315,29/11/2023,MOFA,Ministry of Family Affairs,2211404,SGBV survivor support services,MedSupplies Ltd,28742.75,BANK_TRANSFER
KE-2401316,21/09/2023,MOE,Ministry of Education,3110701,Purchase of vehicles - ambulances,MedSupplies Ltd,2529.53,BANK_TRANSFER
KE-2401317,28/07/2023,MOI,Ministry of Interior,2211320,Cervical cancer screening,MediPlus Distributors,971.95,MOBILE_MONEY
KE-2401318,25/02/2024,MOH,Ministry of Health,2211305,Immunisation outreach,Care Foundation,-20673.76,BANK_TRANSFER
KE-2401319,05/12/2023,MOI,Ministry of Interior,2211306,Antenatal outreach services,TechnoServ Africa,31785.75,BANK_TRANSFER
KE-2401320,30/10/2023,MOE,Ministry of Education,2211101,Medical drugs,Modern Office Systems,1938154.92,MOBILE_MONEY
KE-2401321,18/07/2023,MOFA,Ministry of Family Affairs,2211110,Maternity supplies and delivery kits,TransAfrica Logistics,267802.16,BANK_TRANSFER
KE-2401322,19/05/2024,MOI,Ministry of Interior,2110101,Basic salaries - permanent employees,MediPlus Distributors,13569.94,MOBILE_MONEY
KE-2401323,22/07/2023,MOE,Ministry of Education,2210201,Communication supplies,MedSupplies Ltd,76186.7,BANK_TRANSFER
KE-2401324,09/04/2024,MOE,Ministry of Education,2211199,General medical consumables,TechnoServ Africa,1480.77,CHEQUE
KE-2401325,31/01/2024,MOH,Ministry of Health,2210301,Domestic travel,Nile Motors,6628.03,MOBILE_MONEY
KE-2401326,07/07/2023,MOFA,Ministry of Family Affairs,2211105,HIV test kits and ARVs,TransAfrica Logistics,34252.24,MOBILE_MONEY
KE-2401327,10/04/2024,MOH,Ministry of Health,2211306,Antenatal outreach services,MedSupplies Ltd,312459.47,BANK_TRANSFER
KE-2401328,11/04/2024,MOE,Ministry of Education,2211102,Contraceptives and family planning commodities,Modern Office Systems,950063.41,BANK_TRANSFER
KE-2401329,05/10/2023,MOE,Ministry of Education,2211308,Youth SRH counselling services,Sunrise Cleaning Services,347805.14,MOBILE_MONEY
KE-2401330,30/05/2024,MOH,Ministry of Health,2211308,Youth SRH counselling services,United Diagnostics,1565.71,MOBILE_MONEY
KE-2401331,24/03/2024,MOE,Ministry of Education,2211105,HIV test kits and ARVs,GreenLeaf Consultancy,600143.72,CHEQUE
KE-2401332,19/01/2024,MOF,Ministry of Finance,2211404,SGBV survivor support services,Public Health Institute,8264.07,BANK_TRANSFER
KE-2401333,13/02/2024,MOI,Ministry of Interior,2211102,Contraceptives and family planning commodities,SafeWater Kenya,1668420.16,CHEQUE
KE-2401334,24/11/2023,MOI,Ministry of Interior,2211306,Antenatal outreach services,Public Health Institute,19803.76,CHEQUE
KE-2401335,19/11/2023,MOF,Ministry of Finance,2211201,Laboratory reagents,TechnoServ Africa,742623.9,CHEQUE
KE-2401336,04/02/2024,MOF,Ministry of Finance,2211306,Antenatal outreach services,United Diagnostics,-147531.33,MOBILE_MONEY
KE-2401337,29/03/2024,MOE,Ministry of Education,2211102,Contraceptives and family planning commodities,Nile Motors,115953.0,MOBILE_MONEY
KE-2401338,16/04/2024,MOH,Ministry of Health,3110701,Purchase of vehicles - ambulances,GreenLeaf Consultancy,25431.28,MOBILE_MONEY
KE-2401339,06/07/2023,MOH,Ministry of Health,2110101,Basic salaries - permanent employees,Regional Bank Services,101026.11,CHEQUE
KE-2401340,07/10/2023,MOFA,Ministry of Family Affairs,2210301,Domestic travel,Modern Office Systems,842112.98,MOBILE_MONEY
KE-2401341,22/12/2023,MOH,Ministry of Health,2211306,Antenatal outreach services,NextGen IT,33741.32,CHEQUE
KE-2401342,08/09/2023,MOE,Ministry of Education,2110101,Basic salaries - permanent employees,SafeWater Kenya,2030.72,BANK_TRANSFER
KE-2401343,17/03/2024,MOF,Ministry of Finance,2211407,Cleaning and fumigation - health facilities,Regional Bank Services,82490.12,CHEQUE
KE-2401344,24/08/2023,MOF,Ministry of Finance,2211103,Vaccines,NextGen IT,3595.48,BANK_TRANSFER
KE-2401345,04/01/2024,MOI,Ministry of Interior,2211105,hiv test kits and arvs,MedSupplies Ltd,434111.09,MOBILE_MONEY
KE-2401346,14/09/2023,MOI,Ministry of Interior,2211201,Laboratory reagents,Highlands Print Works,69637.43,CHEQUE
KE-2401347,16/12/2023,MOH,Ministry of Health,2211199,General medical consumables,Nile Motors,101499.26,MOBILE_MONEY
KE-2401348,28/02/2024,MOH,Ministry of Health,2211407,Cleaning and fumigation - health facilities,BuildRight Contractors,35783.71,CHEQUE
KE-2401349,28/01/2024,MOI,Ministry of Interior,2110101,Basic salaries - permanent employees,NextGen IT,3280.3,MOBILE_MONEY
KE-2401350,25/01/2024,MOH,Ministry of Health,2211501,Refined fuels,Sunrise Cleaning Services,2639.37,CHEQUE
KE-2401351,26/03/2024,MOH,Ministry of Health,2211407,Cleaning and fumigation - health facilities,Care Foundation,92598.97,MOBILE_MONEY
KE-2401352,08/06/2024,MOF,Ministry of Finance,2211305,Immunisation outreach,GreenLeaf Consultancy,33317.0,CHEQUE
KE-2401353,08/12/2023,MOFA,Ministry of Family Affairs,3110701,Purchase of vehicles - ambulances,Modern Office Systems,23758.16,BANK_TRANSFER
KE-2401354,16/11/2023,MOE,Ministry of Education,2211101,MEDICAL DRUGS,PharmaWest Africa,1313348.32,MOBILE_MONEY
KE-2401355,06/10/2023,MOFA,Ministry of Family Affairs,2211407,Cleaning and fumigation - health facilities,Highlands Print Works,2098.57,BANK_TRANSFER
KE-2401356,29/10/2023,MOE,Ministry of Education,2211101,Medical drugs,TransAfrica Logistics,460670.02,CHEQUE
KE-2401357,11/01/2024,MOH,Ministry of Health,2211306,ANTENATAL OUTREACH SERVICES,MediPlus Distributors,1104.48,MOBILE_MONEY
KE-2401358,03/07/2023,MOH,Ministry of Health,2211320,Cervical cancer screening,GreenLeaf Consultancy,73113.75,MOBILE_MONEY
KE-2401359,27/06/2024,MOH,Ministry of Health,3110101,Construction of buildings - health facilities,Nile Motors,13742.82,BANK_TRANSFER
KE-2401360,23/07/2023,MOH,Ministry of Health,2211103,Vaccines,Sunrise Cleaning Services,1068.67,MOBILE_MONEY
KE-2401361,15/10/2023,MOH,Ministry of Health,2211306,Antenatal outreach services,Nile Motors,6840.74,BANK_TRANSFER
KE-2401362,03/06/2024,MOFA,Ministry of Family Affairs,2211501,Refined fuels,Nile Motors,1841323.41,BANK_TRANSFER
KE-2401363,19/07/2023,MOF,Ministry of Finance,2211110,Maternity supplies and delivery kits,Care Foundation,1551238.67,MOBILE_MONEY
KE-2401364,06/11/2023,MOH,Ministry of Health,2211407,Cleaning and fumigation - health facilities,BuildRight Contractors,,CHEQUE
KE-2401365,04/06/2024,MOF,Ministry of Finance,2211101,Medical drugs,United Diagnostics,8212.09,BANK_TRANSFER
KE-2401366,18/03/2024,MOFA,Ministry of Family Affairs,2211102,Contraceptives and family planning commodities,TechnoServ Africa,896024.52,MOBILE_MONEY
KE-2401367,25/10/2023,MOH,Ministry of Health,2210201,Communication supplies,PharmaWest Africa,1906489.22,MOBILE_MONEY
KE-2401368,06/07/2023,MOE,Ministry of Education,2211199,General medical consumables,United Diagnostics,1783207.93,BANK_TRANSFER
KE-2401369,15/03/2024,MOI,Ministry of Interior,3110101,Construction of buildings - health facilities,Public Health Institute,1808602.53,CHEQUE
KE-2401370,02/08/2023,MOH,Ministry of Health,2211308,Youth SRH counselling services,MedSupplies Ltd,1743.33,MOBILE_MONEY
KE-2401371,25/12/2023,MOFA,Ministry of Family Affairs,2211102,Contraceptives and family planning commodities,MediPlus Distributors,1534526.63,CHEQUE
KE-2401372,26/09/2023,MOH,Ministry of Health,2110101,Basic salaries - permanent employees,TransAfrica Logistics,1916915.89,CHEQUE
KE-2401373,28/05/2024,MOH,Ministry of Health,2211308,Youth SRH counselling services,Nile Motors,30860.16,CHEQUE
KE-2401374,18/06/2024,MOFA,Ministry of Family Affairs,2211305,Immunisation outreach,MedSupplies Ltd,138338.3,CHEQUE
KE-2401375,07/03/2024,MOFA,Ministry of Family Affairs,2211199,General medical consumables,Vitalis Pharma,7452.13,MOBILE_MONEY
KE-2401376,23/02/2024,MOF,Ministry of Finance,2110101,Basic salaries - permanent employees,PharmaWest Africa,32851.25,BANK_TRANSFER
KE-2401377,07/02/2024,MOFA,Ministry of Family Affairs,2211306,Antenatal outreach services,TechnoServ Africa,1349.87,CHEQUE
KE-2401378,08/06/2024,MOF,Ministry of Finance,2110101,Basic salaries - permanent employees,Highlands Print Works,260789.04,CHEQUE
KE-2401379,18/11/2023,MOI,Ministry of Interior,2211501,Refined fuels,GreenLeaf Consultancy,2081.45,CHEQUE
KE-2401380,24/02/2024,MOI,Ministry of Interior,3110101,construction of buildings - health facilities,NextGen IT,1908.11,MOBILE_MONEY
KE-2401381,01/10/2023,MOE,Ministry of Education,2211305,Immunisation outreach,MedSupplies Ltd,205717.65,MOBILE_MONEY
KE-2401382,16/03/2024,MOF,Ministry of Finance,2211110,Maternity supplies and delivery kits,Modern Office Systems,28168.8,CHEQUE
KE-2401383,13/06/2024,MOF,Ministry of Finance,2211305,Immunisation outreach,Vitalis Pharma,656058.11,MOBILE_MONEY
KE-2401384,16/01/2024,MOI,Ministry of Interior,3110701,Purchase of vehicles - ambulances,NextGen IT,1037.2,BANK_TRANSFER
KE-2401385,21/03/2024,MOF,Ministry of Finance,2211201,Laboratory reagents,NextGen IT,23097.1,CHEQUE
KE-2401386,02/05/2024,MOI,Ministry of Interior,2211305,Immunisation outreach,Highlands Print Works,1215.56,CHEQUE
KE-2401387,28/11/2023,MOF,Ministry of Finance,2110101,Basic salaries - permanent employees,United Diagnostics,85771.54,CHEQUE
KE-2401388,06/01/2024,MOFA,Ministry of Family Affairs,2211105,HIV test kits and ARVs,Highlands Print Works,27331.78,CHEQUE
KE-2401389,02/03/2024,MOH,Ministry of Health,2211110,Maternity supplies and delivery kits,Care Foundation,20678.55,CHEQUE
KE-2401390,08/03/2024,MOI,Ministry of Interior,2211404,SGBV survivor support services,MedSupplies Ltd,1030.18,BANK_TRANSFER
KE-2401391,27/04/2024,MOH,Ministry of Health,2211501,Refined fuels,TechnoServ Africa,106435.0,BANK_TRANSFER
KE-2401392,09/11/2023,MOE,Ministry of Education,2211201,Laboratory reagents,MedSupplies Ltd,26762.2,MOBILE_MONEY
KE-2401393,28/09/2023,MOI,Ministry of Interior,2211511,Printing and stationery,Highlands Print Works,780907.02,MOBILE_MONEY
KE-2401394,23/06/2024,MOFA,Ministry of Family Affairs,3110701,Purchase of vehicles - ambulances,MedSupplies Ltd,58738.83,MOBILE_MONEY
KE-2401395,05/06/2024,MOE,Ministry of Education,2210301,Domestic travel,Sunrise Cleaning Services,227820.12,CHEQUE
KE-2401396,13/12/2023,MOH,Ministry of Health,2211305,Immunisation outreach,Sunrise Cleaning Services,6100.84,CHEQUE
KE-2401397,27/06/2024,MOH,Ministry of Health,3110701,Purchase of vehicles - ambulances,MediPlus Distributors,6054.26,MOBILE_MONEY
KE-2401398,12/03/2024,MOF,Ministry of Finance,2210301,Domestic travel,Regional Bank Services,97262.97,CHEQUE
KE-2401399,16/04/2024,MOE,Ministry of Education,2211306,Antenatal outreach services,Modern Office Systems,757219.8,BANK_TRANSFER
KE-2401400,25/09/2023,MOI,Ministry of Interior,3110701,Purchase of vehicles - ambulances,TechnoServ Africa,142352.35,MOBILE_MONEY
KE-2401401,22/08/2023,MOF,Ministry of Finance,2211103,vaccines,Modern Office Systems,1464150.99,CHEQUE
KE-2401402,18/05/2024,MOE,Ministry of Education,2211308,Youth SRH counselling services,Care Foundation,125771.92,BANK_TRANSFER
KE-2401403,21/03/2024,MOFA,Ministry of Family Affairs,2211110,Maternity supplies and delivery kits,Public Health Institute,60304.13,BANK_TRANSFER
KE-2401404,28/05/2024,MOE,Ministry of Education,2211407,Cleaning and fumigation - health facilities,TransAfrica Logistics,83164.7,CHEQUE
KE-2401405,16/08/2023,MOH,Ministry of Health,2211320,Cervical cancer screening,NextGen IT,139548.52,MOBILE_MONEY
KE-2401406,05/12/2023,MOE,Ministry of Education,3110701,Purchase of vehicles - ambulances,Highlands Print Works,17296.43,BANK_TRANSFER
KE-2401407,19/05/2024,MOE,Ministry of Education,2211201,laboratory reagents,SafeWater Kenya,-492714.39,CHEQUE
KE-2401408,14/10/2023,MOE,Ministry of Education,2211103,Vaccines,PharmaWest Africa,624320.75,BANK_TRANSFER
KE-2401409,21/07/2023,MOF,Ministry of Finance,2211105,HIV test kits and ARVs,Nile Motors,512746.83,CHEQUE
KE-2401410,01/03/2024,MOF,Ministry of Finance,2110101,Basic salaries - permanent employees,United Diagnostics,21029.15,MOBILE_MONEY
KE-2401411,14/02/2024,MOI,Ministry of Interior,2211511,Printing and stationery,BuildRight Contractors,1041.9,BANK_TRANSFER
KE-2401412,19/10/2023,MOF,Ministry of Finance,2211201,Laboratory reagents,Modern Office Systems,331021.85,CHEQUE
KE-2401413,14/05/2024,MOFA,Ministry of Family Affairs,2110101,Basic salaries - permanent employees,Public Health Institute,163359.06,CHEQUE
KE-2401414,19/07/2023,MOH,Ministry of Health,2211306,Antenatal outreach services,Regional Bank Services,1393862.73,MOBILE_MONEY
KE-2401415,02/09/2023,MOF,Ministry of Finance,2211404,SGBV survivor support services,Public Health Institute,12170.35,MOBILE_MONEY
KE-2401416,03/03/2024,MOE,Ministry of Education,3110101,Construction of buildings - health facilities,Vitalis Pharma,140353.8,BANK_TRANSFER
KE-2401417,28/06/2024,MOF,Ministry of Finance,2211320,cervical cancer screening,SafeWater Kenya,895895.15,CHEQUE
KE-2401418,15/12/2023,MOFA,Ministry of Family Affairs,2211199,General medical consumables,Highlands Print Works,298908.71,BANK_TRANSFER
KE-2401419,08/03/2024,MOI,Ministry of Interior,2211306,Antenatal outreach services,Sunrise Cleaning Services,1934606.14,MOBILE_MONEY
KE-2401420,04/11/2023,MOFA,Ministry of Family Affairs,2211199,General medical consumables,Highlands Print Works,18950.85,BANK_TRANSFER
KE-2401421,19/07/2023,MOE,Ministry of Education,2211201,Laboratory reagents,MediPlus Distributors,1346.79,CHEQUE
KE-2401422,01/09/2023,MOF,Ministry of Finance,2211511,Printing and stationery,Highlands Print Works,270754.14,MOBILE_MONEY
KE-2401423,14/07/2023,MOFA,Ministry of Family Affairs,2211404,SGBV survivor support services,PharmaWest Africa,251130.21,BANK_TRANSFER
KE-2401424,21/02/2024,MOH,Ministry of Health,2211305,Immunisation outreach,GreenLeaf Consultancy,1230562.08,BANK_TRANSFER
KE-2401425,29/02/2024,MOE,Ministry of Education,2110101,Basic salaries - permanent employees,TransAfrica Logistics,1784431.11,BANK_TRANSFER
KE-2401426,22/06/2024,MOE,Ministry of Education,2211201,Laboratory reagents,United Diagnostics,145764.51,CHEQUE
KE-2401427,10/11/2023,MOF,Ministry of Finance,2211308,Youth SRH counselling services,MediPlus Distributors,21227.13,BANK_TRANSFER
KE-2401428,08/05/2024,MOE,Ministry of Education,3110101,Construction of buildings - health facilities,Care Foundation,931065.89,BANK_TRANSFER
KE-2401429,24/05/2024,MOF,Ministry of Finance,2211110,Maternity supplies and delivery kits,Sunrise Cleaning Services,5050.27,MOBILE_MONEY
KE-2401430,01/05/2024,MOI,Ministry of Interior,2211407,Cleaning and fumigation - health facilities,Modern Office Systems,2481.47,MOBILE_MONEY
KE-2401431,01/10/2023,MOF,Ministry of Finance,2211501,Refined fuels,TechnoServ Africa,"""2,080.24""",BANK_TRANSFER
KE-2401432,25/05/2024,MOI,Ministry of Interior,2211103,Vaccines,Modern Office Systems,1494.93,BANK_TRANSFER
KE-2401433,18/05/2024,MOH,Ministry of Health,2211305,Immunisation outreach,Public Health Institute,1546.09,CHEQUE
KE-2401434,23/02/2024,MOF,Ministry of Finance,2211407,Cleaning and fumigation - health facilities,TransAfrica Logistics,411863.9,BANK_TRANSFER
KE-2401435,02/11/2023,MOI,Ministry of Interior,2211407,Cleaning and fumigation - health facilities,MediPlus Distributors,117831.19,CHEQUE
KE-2401436,28/07/2023,MOE,Ministry of Education,2211305,Immunisation outreach,Nile Motors,810298.81,BANK_TRANSFER
KE-2401437,09/03/2024,MOI,Ministry of Interior,3110101,CONSTRUCTION OF BUILDINGS - HEALTH FACILITIES,MediPlus Distributors,412659.2,BANK_TRANSFER
KE-2401438,14/07/2023,MOFA,Ministry of Family Affairs,2211102,Contraceptives and family planning commodities,TransAfrica Logistics,4846.76,BANK_TRANSFER
KE-2401439,03/06/2024,MOH,Ministry of Health,2211101,Medical drugs,Care Foundation,-7959.71,MOBILE_MONEY
KE-2401440,03/09/2023,MOH,Ministry of Health,2211199,General medical consumables,United Diagnostics,8130.88,CHEQUE
KE-2401441,10/12/2023,MOH,Ministry of Health,2210301,DOMESTIC TRAVEL,United Diagnostics,1905.81,CHEQUE
KE-2401442,04/04/2024,MOI,Ministry of Interior,2211110,Maternity supplies and delivery kits,Highlands Print Works,2697.56,CHEQUE
KE-2401443,29/02/2024,MOI,Ministry of Interior,3110101,Construction of buildings - health facilities,BuildRight Contractors,1283.39,BANK_TRANSFER
KE-2401444,11/05/2024,MOH,Ministry of Health,2211101,Medical drugs,Sunrise Cleaning Services,534892.71,CHEQUE
KE-2401445,02/10/2023,MOH,Ministry of Health,2211305,Immunisation outreach,PharmaWest Africa,1175064.69,BANK_TRANSFER
KE-2401446,26/11/2023,MOH,Ministry of Health,2210201,COMMUNICATION SUPPLIES,Highlands Print Works,563040.26,CHEQUE
KE-2401447,17/10/2023,MOF,Ministry of Finance,2211501,Refined fuels,Sunrise Cleaning Services,782140.98,MOBILE_MONEY
KE-2401448,09/01/2024,MOF,Ministry of Finance,2211407,Cleaning and fumigation - health facilities,United Diagnostics,306081.53,BANK_TRANSFER
KE-2401449,28/03/2024,MOF,Ministry of Finance,2211404,SGBV survivor support services,Nile Motors,4135.99,BANK_TRANSFER
KE-2401450,26/09/2023,MOE,Ministry of Education,2211101,Medical drugs,MedSupplies Ltd,18256.52,MOBILE_MONEY
KE-2401451,12/11/2023,MOE,Ministry of Education,2211511,Printing and stationery,Vitalis Pharma,7785.42,BANK_TRANSFER
KE-2401452,14/08/2023,MOI,Ministry of Interior,2211306,Antenatal outreach services,TechnoServ Africa,4951.26,MOBILE_MONEY
KE-2401453,17/06/2024,MOE,Ministry of Education,3110101,CONSTRUCTION OF BUILDINGS - HEALTH FACILITIES,NextGen IT,7056.57,BANK_TRANSFER
KE-2401454,27/02/2024,MOF,Ministry of Finance,2211404,SGBV survivor support services,PharmaWest Africa,128474.46,MOBILE_MONEY
KE-2401455,18/09/2023,MOI,Ministry of Interior,2211306,Antenatal outreach services,Modern Office Systems,380171.61,MOBILE_MONEY
KE-2401456,17/09/2023,MOH,Ministry of Health,2211305,Immunisation outreach,Sunrise Cleaning Services,193389.0,CHEQUE
KE-2401457,20/11/2023,MOFA,Ministry of Family Affairs,2211105,HIV test kits and ARVs,GreenLeaf Consultancy,2303.9,CHEQUE
KE-2401458,02/07/2023,MOE,Ministry of Education,3110701,Purchase of vehicles - ambulances,Sunrise Cleaning Services,33828.13,BANK_TRANSFER
KE-2401459,15/05/2024,MOF,Ministry of Finance,2211511,Printing and stationery,Nile Motors,425635.09,BANK_TRANSFER
KE-2401460,21/09/2023,MOF,Ministry of Finance,2211102,Contraceptives and family planning commodities,BuildRight Contractors,132409.24,BANK_TRANSFER
KE-2401461,03/08/2023,MOE,Ministry of Education,2211199,General medical consumables,Nile Motors,699553.47,BANK_TRANSFER
KE-2401462,06/11/2023,MOI,Ministry of Interior,2211308,Youth SRH counselling services,MediPlus Distributors,492399.29,CHEQUE
KE-2401463,13/02/2024,MOH,Ministry of Health,2211101,Medical drugs,PharmaWest Africa,525898.41,MOBILE_MONEY
KE-2401464,06/09/2023,MOF,Ministry of Finance,2211308,Youth SRH counselling services,Modern Office Systems,13866.89,CHEQUE
KE-2401465,04/03/2024,MOI,Ministry of Interior,2211404,SGBV survivor support services,GreenLeaf Consultancy,12159.75,CHEQUE
KE-2401466,17/04/2024,MOF,Ministry of Finance,2211103,Vaccines,United Diagnostics,2461.07,BANK_TRANSFER
KE-2401467,25/04/2024,MOI,Ministry of Interior,2211199,General medical consumables,MedSupplies Ltd,8568.39,MOBILE_MONEY
KE-2401468,11/01/2024,MOF,Ministry of Finance,2110101,Basic salaries - permanent employees,Care Foundation,1796496.9,MOBILE_MONEY
KE-2401469,30/01/2024,MOH,Ministry of Health,3110701,Purchase of vehicles - ambulances,SafeWater Kenya,1362588.36,CHEQUE
KE-2401470,30/09/2023,MOFA,Ministry of Family Affairs,2110101,Basic salaries - permanent employees,United Diagnostics,972981.7,BANK_TRANSFER
KE-2401471,03/01/2024,MOF,Ministry of Finance,2211306,Antenatal outreach services,Sunrise Cleaning Services,559276.72,BANK_TRANSFER
KE-2401472,22/02/2024,MOE,Ministry of Education,3110101,Construction of buildings - health facilities,GreenLeaf Consultancy,677959.45,CHEQUE
KE-2401473,30/06/2024,MOI,Ministry of Interior,2211308,Youth SRH counselling services,Care Foundation,80943.28,MOBILE_MONEY
KE-2401474,08/07/2023,MOFA,Ministry of Family Affairs,2211110,Maternity supplies and delivery kits,MediPlus Distributors,8521.49,BANK_TRANSFER
KE-2401475,24/07/2023,MOFA,Ministry of Family Affairs,2211501,Refined fuels,TechnoServ Africa,69719.81,CHEQUE
KE-2401476,29/04/2024,MOI,Ministry of Interior,2210301,Domestic travel,Nile Motors,29551.9,CHEQUE
KE-2401477,11/03/2024,MOF,Ministry of Finance,2211199,General medical consumables,Highlands Print Works,8298.23,CHEQUE
KE-2401478,17/12/2023,MOH,Ministry of Health,2211511,Printing and stationery,SafeWater Kenya,98716.48,MOBILE_MONEY
KE-2401479,21/08/2023,MOI,Ministry of Interior,2211501,refined fuels,MediPlus Distributors,4868.67,CHEQUE
KE-2401480,13/12/2023,MOE,Ministry of Education,3110701,Purchase of vehicles - ambulances,Regional Bank Services,594771.91,CHEQUE
KE-2401481,14/09/2023,MOE,Ministry of Education,3110701,Purchase of vehicles - ambulances,MedSupplies Ltd,653171.36,MOBILE_MONEY
KE-2401482,15/02/2024,MOH,Ministry of Health,2211511,Printing and stationery,United Diagnostics,254869.56,MOBILE_MONEY
KE-2401483,24/03/2024,MOF,Ministry of Finance,2211103,Vaccines,Vitalis Pharma,1249.73,MOBILE_MONEY
KE-2401484,27/05/2024,MOI,Ministry of Interior,2211407,Cleaning and fumigation - health facilities,Modern Office Systems,33174.1,BANK_TRANSFER
KE-2401485,08/02/2024,MOI,Ministry of Interior,2211404,SGBV survivor support services,Sunrise Cleaning Services,1352559.3,CHEQUE
KE-2401486,18/02/2024,MOI,Ministry of Interior,2110101,Basic salaries - permanent employees,NextGen IT,73119.99,CHEQUE
KE-2401487,11/05/2024,MOE,Ministry of Education,2211404,SGBV survivor support services,Public Health Institute,687323.53,MOBILE_MONEY
KE-2401488,09/05/2024,MOF,Ministry of Finance,2211201,Laboratory reagents,BuildRight Contractors,1353141.06,CHEQUE
KE-2401489,01/08/2023,MOH,Ministry of Health,2211404,SGBV survivor support services,MediPlus Distributors,141918.31,MOBILE_MONEY
KE-2401490,28/08/2023,MOF,Ministry of Finance,2210301,Domestic travel,BuildRight Contractors,25414.28,CHEQUE
KE-2401491,21/03/2024,MOF,Ministry of Finance,3110101,Construction of buildings - health facilities,Vitalis Pharma,1531.06,CHEQUE
KE-2401492,18/12/2023,MOF,Ministry of Finance,2211105,HIV test kits and ARVs,Sunrise Cleaning Services,82313.17,MOBILE_MONEY
KE-2401493,06/02/2024,MOE,Ministry of Education,2110101,Basic salaries - permanent employees,United Diagnostics,867852.62,CHEQUE
KE-2401494,18/07/2023,MOFA,Ministry of Family Affairs,3110701,Purchase of vehicles - ambulances,Sunrise Cleaning Services,807676.4,MOBILE_MONEY
KE-2401495,24/07/2023,MOE,Ministry of Education,2211201,Laboratory reagents,TransAfrica Logistics,1950.25,BANK_TRANSFER
KE-2401496,07/06/2024,MOI,Ministry of Interior,2211407,Cleaning and fumigation - health facilities,Sunrise Cleaning Services,15754.2,MOBILE_MONEY
KE-2401497,17/10/2023,MOF,Ministry of Finance,2211110,Maternity supplies and delivery kits,Sunrise Cleaning Services,697507.09,BANK_TRANSFER
KE-2401498,27/09/2023,MOF,Ministry of Finance,2211511,Printing and stationery,MedSupplies Ltd,1625.45,CHEQUE
KE-2401499,21/09/2023,MOI,Ministry of Interior,2211101,Medical drugs,Care Foundation,24130.97,BANK_TRANSFER
KE-2401203,10/09/2023,MOF,Ministry of Finance,2211201,Laboratory reagents,NextGen IT,54717.35,BANK_TRANSFER
KE-2401501,01/03/2024,MOF,Ministry of Finance,3110101,Construction of buildings - health facilities,MediPlus Distributors,325023.79,CHEQUE
KE-2401502,03/05/2024,MOE,Ministry of Education,2211101,Medical drugs,TechnoServ Africa,904.56,MOBILE_MONEY
KE-2401503,11/06/2024,MOFA,Ministry of Family Affairs,2211101,Medical drugs,TechnoServ Africa,1374395.11,CHEQUE
KE-2401504,04/10/2023,MOH,Ministry of Health,2211199,General medical consumables,TransAfrica Logistics,4979.6,BANK_TRANSFER
KE-2401505,04/06/2024,MOF,Ministry of Finance,2110101,Basic salaries - permanent employees,Modern Office Systems,1381.13,CHEQUE
KE-2401506,10/06/2024,MOF,Ministry of Finance,2211199,General medical consumables,MediPlus Distributors,1082.31,BANK_TRANSFER
KE-2401507,25/02/2024,MOF,Ministry of Finance,3110101,Construction of buildings - health facilities,Modern Office Systems,1390258.52,BANK_TRANSFER
KE-2401508,11/12/2023,MOI,Ministry of Interior,2211199,General medical consumables,Modern Office Systems,156506.62,BANK_TRANSFER
KE-2401509,05/08/2023,MOF,Ministry of Finance,2211308,Youth SRH counselling services,Vitalis Pharma,7066.57,CHEQUE
KE-2401510,22/03/2024,MOF,Ministry of Finance,2211102,contraceptives and family planning commodities,Vitalis Pharma,12712.91,CHEQUE
KE-2401511,20/02/2024,MOF,Ministry of Finance,2211201,Laboratory reagents,NextGen IT,766397.08,BANK_TRANSFER
KE-2401512,11/04/2024,MOI,Ministry of Interior,2211308,Youth SRH counselling services,Care Foundation,1152.65,MOBILE_MONEY
KE-2401513,13/07/2023,MOFA,Ministry of Family Affairs,3110701,Purchase of vehicles - ambulances,Public Health Institute,1962569.78,CHEQUE
KE-2401514,07/02/2024,MOH,Ministry of Health,2110101,Basic salaries - permanent employees,SafeWater Kenya,2137385.41,MOBILE_MONEY
KE-2401515,05/08/2023,MOH,Ministry of Health,2211199,GENERAL MEDICAL CONSUMABLES,BuildRight Contractors,24745.68,MOBILE_MONEY
KE-2401516,20/11/2023,MOH,Ministry of Health,2211102,Contraceptives and family planning commodities,NextGen IT,381599.92,BANK_TRANSFER
KE-2401517,13/07/2023,MOH,Ministry of Health,3110101,Construction of buildings - health facilities,TransAfrica Logistics,1110.61,BANK_TRANSFER
KE-2401518,14/11/2023,MOE,Ministry of Education,2211320,CERVICAL CANCER SCREENING,Modern Office Systems,289430.52,MOBILE_MONEY
KE-2401519,28/07/2023,MOE,Ministry of Education,2211199,General medical consumables,Vitalis Pharma,4431.09,BANK_TRANSFER
KE-2401520,06/10/2023,MOFA,Ministry of Family Affairs,2211511,Printing and stationery,TransAfrica Logistics,236703.24,MOBILE_MONEY
KE-2401521,10/12/2023,MOI,Ministry of Interior,2211501,Refined fuels,Care Foundation,710650.37,BANK_TRANSFER
KE-2401522,20/03/2024,MOH,Ministry of Health,2211501,Refined fuels,MediPlus Distributors,26083.91,MOBILE_MONEY
KE-2401523,10/09/2023,MOE,Ministry of Education,2210201,Communication supplies,MediPlus Distributors,5366.34,MOBILE_MONEY
KE-2401524,13/09/2023,MOE,Ministry of Education,2211407,Cleaning and fumigation - health facilities,TransAfrica Logistics,33085.6,MOBILE_MONEY
KE-2401525,16/01/2024,MOFA,Ministry of Family Affairs,2211101,Medical drugs,MediPlus Distributors,8492.16,BANK_TRANSFER
KE-2401526,09/11/2023,MOF,Ministry of Finance,2211320,Cervical cancer screening,Care Foundation,956364.53,BANK_TRANSFER
KE-2401527,07/10/2023,MOE,Ministry of Education,3110101,Construction of buildings - health facilities,Nile Motors,35045.7,CHEQUE
KE-2401528,12/10/2023,MOFA,Ministry of Family Affairs,2211102,contraceptives and family planning commodities,MediPlus Distributors,470180.72,MOBILE_MONEY
KE-2401529,04/06/2024,MOH,Ministry of Health,3110701,PURCHASE OF VEHICLES - AMBULANCES,Vitalis Pharma,28683.06,CHEQUE
KE-2401530,20/01/2024,MOF,Ministry of Finance,2211308,Youth SRH counselling services,Sunrise Cleaning Services,27972.18,BANK_TRANSFER
KE-2401531,13/08/2023,MOE,Ministry of Education,2211511,Printing and stationery,MedSupplies Ltd,294233.24,MOBILE_MONEY
KE-2401532,01/06/2024,MOFA,Ministry of Family Affairs,2211306,Antenatal outreach services,Sunrise Cleaning Services,-18650.14,MOBILE_MONEY
KE-2401533,30/09/2023,MOFA,Ministry of Family Affairs,2211320,Cervical cancer screening,MedSupplies Ltd,28346.96,CHEQUE
KE-2401534,21/01/2024,MOF,Ministry of Finance,2110101,Basic salaries - permanent employees,Vitalis Pharma,3492.51,CHEQUE
KE-2401535,11/07/2023,MOF,Ministry of Finance,2211407,Cleaning and fumigation - health facilities,United Diagnostics,99948.79,CHEQUE
KE-2401536,13/08/2023,MOF,Ministry of Finance,2211305,Immunisation outreach,Nile Motors,939494.76,BANK_TRANSFER
KE-2401537,03/10/2023,MOE,Ministry of Education,2110101,Basic salaries - permanent employees,PharmaWest Africa,247359.3,MOBILE_MONEY
KE-2401538,26/05/2024,MOFA,Ministry of Family Affairs,2110101,Basic salaries - permanent employees,Vitalis Pharma,51544.8,CHEQUE
KE-2401539,19/08/2023,MOF,Ministry of Finance,2211305,Immunisation outreach,TransAfrica Logistics,1947.56,MOBILE_MONEY
KE-2401540,01/06/2024,MOFA,Ministry of Family Affairs,2211101,Medical drugs,MedSupplies Ltd,349771.3,MOBILE_MONEY
KE-2401541,02/07/2023,MOF,Ministry of Finance,2211101,Medical drugs,MedSupplies Ltd,355214.96,BANK_TRANSFER
KE-2401542,21/09/2023,MOFA,Ministry of Family Affairs,2211101,Medical drugs,Sunrise Cleaning Services,1702.75,CHEQUE
KE-2401543,29/08/2023,MOH,Ministry of Health,2211306,Antenatal outreach services,MedSupplies Ltd,802243.14,BANK_TRANSFER
KE-2401544,06/08/2023,MOFA,Ministry of Family Affairs,2211105,HIV test kits and ARVs,TransAfrica Logistics,1814118.59,MOBILE_MONEY
KE-2401545,08/07/2023,MOF,Ministry of Finance,2110101,Basic salaries - permanent employees,Modern Office Systems,866517.34,CHEQUE
KE-2401546,11/02/2024,MOH,Ministry of Health,2211102,Contraceptives and family planning commodities,NextGen IT,1877272.78,MOBILE_MONEY
KE-2401547,17/01/2024,MOF,Ministry of Finance,2211501,Refined fuels,Regional Bank Services,1342.24,MOBILE_MONEY
KE-2401548,02/05/2024,MOI,Ministry of Interior,2211407,Cleaning and fumigation - health facilities,BuildRight Contractors,6254.28,BANK_TRANSFER
KE-2401549,31/08/2023,MOH,Ministry of Health,2110101,Basic salaries - permanent employees,PharmaWest Africa,661975.09,BANK_TRANSFER
KE-2401550,28/01/2024,MOFA,Ministry of Family Affairs,3110101,Construction of buildings - health facilities,TransAfrica Logistics,8312.34,CHEQUE
KE-2401551,06/08/2023,MOE,Ministry of Education,2211501,REFINED FUELS,PharmaWest Africa,548056.78,MOBILE_MONEY
KE-2401552,23/02/2024,MOE,Ministry of Education,2110101,Basic salaries - permanent employees,MediPlus Distributors,359295.56,CHEQUE
KE-2401553,27/08/2023,MOI,Ministry of Interior,2211105,HIV test kits and ARVs,Regional Bank Services,575769.08,BANK_TRANSFER
KE-2401554,12/07/2023,MOE,Ministry of Education,2211199,General medical consumables,Modern Office Systems,2532.43,CHEQUE
KE-2401555,25/11/2023,MOFA,Ministry of Family Affairs,2211105,HIV test kits and ARVs,Sunrise Cleaning Services,125680.78,BANK_TRANSFER
KE-2401556,06/01/2024,MOH,Ministry of Health,2211306,Antenatal outreach services,Sunrise Cleaning Services,697878.54,CHEQUE
KE-2401557,02/08/2023,MOH,Ministry of Health,2211404,SGBV survivor support services,Sunrise Cleaning Services,195727.15,BANK_TRANSFER
KE-2401558,26/04/2024,MOF,Ministry of Finance,2211407,cleaning and fumigation - health facilities,GreenLeaf Consultancy,86508.55,CHEQUE
KE-2401559,15/11/2023,MOFA,Ministry of Family Affairs,2211105,HIV test kits and ARVs,PharmaWest Africa,643979.82,CHEQUE
KE-2401560,09/08/2023,MOE,Ministry of Education,2211201,Laboratory reagents,BuildRight Contractors,1003965.83,MOBILE_MONEY
KE-2401561,30/08/2023,MOI,Ministry of Interior,2211501,Refined fuels,NextGen IT,1852.7,MOBILE_MONEY
KE-2401562,25/07/2023,MOH,Ministry of Health,2211110,Maternity supplies and delivery kits,Nile Motors,757446.18,CHEQUE
KE-2401563,07/05/2024,MOFA,Ministry of Family Affairs,2211201,laboratory reagents,GreenLeaf Consultancy,1724.7,MOBILE_MONEY
KE-2401564,25/05/2024,MOE,Ministry of Education,2210301,DOMESTIC TRAVEL,Highlands Print Works,636600.9,MOBILE_MONEY
KE-2401565,08/05/2024,MOF,Ministry of Finance,2211407,Cleaning and fumigation - health facilities,United Diagnostics,1221804.19,CHEQUE
KE-2401566,30/11/2023,MOH,Ministry of Health,2211308,Youth SRH counselling services,BuildRight Contractors,284389.41,BANK_TRANSFER
KE-2401567,30/08/2023,MOI,Ministry of Interior,2211103,Vaccines,TransAfrica Logistics,1015010.56,CHEQUE
KE-2401568,12/01/2024,MOI,Ministry of Interior,2211102,CONTRACEPTIVES AND FAMILY PLANNING COMMODITIES,NextGen IT,854651.01,MOBILE_MONEY
KE-2401569,16/05/2024,MOI,Ministry of Interior,2211404,SGBV survivor support services,SafeWater Kenya,120728.68,BANK_TRANSFER
KE-2401570,20/04/2024,MOF,Ministry of Finance,2211305,IMMUNISATION OUTREACH,Sunrise Cleaning Services,738644.51,CHEQUE
KE-2401571,28/12/2023,MOI,Ministry of Interior,2211407,Cleaning and fumigation - health facilities,PharmaWest Africa,2580.73,CHEQUE
KE-2401572,24/04/2024,MOI,Ministry of Interior,2211501,Refined fuels,GreenLeaf Consultancy,-135419.21,MOBILE_MONEY
KE-2401573,05/11/2023,MOH,Ministry of Health,2211407,Cleaning and fumigation - health facilities,Care Foundation,441290.07,BANK_TRANSFER
KE-2401574,06/08/2023,MOFA,Ministry of Family Affairs,2211511,Printing and stationery,TransAfrica Logistics,1196.36,MOBILE_MONEY
KE-2401575,11/09/2023,MOF,Ministry of Finance,2210301,Domestic travel,TechnoServ Africa,1478975.87,CHEQUE
KE-2401576,17/04/2024,MOF,Ministry of Finance,2211105,hiv test kits and arvs,United Diagnostics,20481.32,MOBILE_MONEY
KE-2401577,03/05/2024,MOH,Ministry of Health,2211305,immunisation outreach,GreenLeaf Consultancy,1075.16,CHEQUE
KE-2401578,27/11/2023,MOFA,Ministry of Family Affairs,2210201,Communication supplies,MediPlus Distributors,1885.47,MOBILE_MONEY
KE-2401579,16/09/2023,MOF,Ministry of Finance,3110101,Construction of buildings - health facilities,MedSupplies Ltd,22110.47,MOBILE_MONEY
KE-2401580,14/08/2023,MOH,Ministry of Health,2210301,Domestic travel,United Diagnostics,2104284.52,BANK_TRANSFER
KE-2401581,29/01/2024,MOF,Ministry of Finance,3110701,Purchase of vehicles - ambulances,Modern Office Systems,2651.11,MOBILE_MONEY
KE-2401582,27/05/2024,MOE,Ministry of Education,2211320,Cervical cancer screening,Regional Bank Services,99409.2,CHEQUE
KE-2401583,25/07/2023,MOI,Ministry of Interior,2210301,Domestic travel,MediPlus Distributors,1276137.23,BANK_TRANSFER
KE-2401584,28/07/2023,MOF,Ministry of Finance,2211501,Refined fuels,United Diagnostics,1900.71,MOBILE_MONEY
KE-2401585,28/07/2023,MOH,Ministry of Health,2211105,HIV test kits and ARVs,Care Foundation,728526.76,BANK_TRANSFER
KE-2401586,19/12/2023,MOH,Ministry of Health,2211308,Youth SRH counselling services,TransAfrica Logistics,205039.97,BANK_TRANSFER
KE-2401587,23/03/2024,MOF,Ministry of Finance,2110101,Basic salaries - permanent employees,United Diagnostics,250867.77,CHEQUE
KE-2401588,10/04/2024,MOE,Ministry of Education,2210201,Communication supplies,MediPlus Distributors,1748777.07,BANK_TRANSFER
KE-2401589,13/12/2023,MOI,Ministry of Interior,2211306,ANTENATAL OUTREACH SERVICES,Vitalis Pharma,1810643.78,CHEQUE
KE-2401590,31/08/2023,MOFA,Ministry of Family Affairs,2211404,SGBV survivor support services,PharmaWest Africa,"""22,019.60""",CHEQUE
KE-2401591,19/02/2024,MOH,Ministry of Health,2211101,medical drugs,Public Health Institute,776430.54,MOBILE_MONEY
KE-2401592,09/06/2024,MOF,Ministry of Finance,2210201,Communication supplies,GreenLeaf Consultancy,1505523.08,MOBILE_MONEY
KE-2401593,07/03/2024,MOE,Ministry of Education,2211320,Cervical cancer screening,Highlands Print Works,244861.78,MOBILE_MONEY
KE-2401594,21/04/2024,MOI,Ministry of Interior,2210201,Communication supplies,Nile Motors,5943.71,MOBILE_MONEY
KE-2401595,29/01/2024,MOI,Ministry of Interior,2211305,Immunisation outreach,GreenLeaf Consultancy,2524.22,CHEQUE
KE-2401596,16/04/2024,MOH,Ministry of Health,2211308,Youth SRH counselling services,Public Health Institute,184199.64,CHEQUE
KE-2401597,14/09/2023,MOE,Ministry of Education,2211306,Antenatal outreach services,Modern Office Systems,-214398.24,MOBILE_MONEY
KE-2401598,20/11/2023,MOF,Ministry of Finance,2211110,Maternity supplies and delivery kits,TechnoServ Africa,843457.7,CHEQUE
KE-2401599,02/01/2024,MOH,Ministry of Health,2211201,Laboratory reagents,SafeWater Kenya,138575.13,MOBILE_MONEY
KE-2401600,27/03/2024,MOF,Ministry of Finance,2211308,Youth SRH counselling services,SafeWater Kenya,1199.43,CHEQUE
KE-2401601,19/05/2024,MOH,Ministry of Health,2211407,cleaning and fumigation - health facilities,United Diagnostics,2376.9,BANK_TRANSFER
KE-2401602,22/10/2023,MOFA,Ministry of Family Affairs,2211102,Contraceptives and family planning commodities,SafeWater Kenya,18905.19,BANK_TRANSFER
KE-2401603,04/10/2023,MOF,Ministry of Finance,2211511,Printing and stationery,BuildRight Contractors,,BANK_TRANSFER
KE-2401604,17/11/2023,MOE,Ministry of Education,3110701,PURCHASE OF VEHICLES - AMBULANCES,Nile Motors,31915.29,MOBILE_MONEY
KE-2401605,29/10/2023,MOH,Ministry of Health,2211201,Laboratory reagents,NextGen IT,283293.88,CHEQUE
KE-2401606,21/10/2023,MOFA,Ministry of Family Affairs,2211102,Contraceptives and family planning commodities,TransAfrica Logistics,593247.5,BANK_TRANSFER
KE-2401607,05/06/2024,MOH,Ministry of Health,2211103,Vaccines,TransAfrica Logistics,3930.17,MOBILE_MONEY
KE-2401608,22/06/2024,MOF,Ministry of Finance,2211110,Maternity supplies and delivery kits,BuildRight Contractors,1276178.76,BANK_TRANSFER
KE-2401609,04/07/2023,MOF,Ministry of Finance,2211501,Refined fuels,Care Foundation,120501.3,MOBILE_MONEY
KE-2401610,23/10/2023,MOE,Ministry of Education,2211105,HIV test kits and ARVs,Regional Bank Services,5379.22,BANK_TRANSFER
KE-2401611,22/04/2024,MOE,Ministry of Education,2210201,Communication supplies,MediPlus Distributors,731668.22,MOBILE_MONEY
KE-2401612,23/12/2023,MOE,Ministry of Education,2211320,Cervical cancer screening,Public Health Institute,198592.93,MOBILE_MONEY
KE-2401613,02/04/2024,MOI,Ministry of Interior,2210201,Communication supplies,MedSupplies Ltd,,MOBILE_MONEY
KE-2401614,23/06/2024,MOI,Ministry of Interior,2211404,SGBV survivor support services,Care Foundation,12764.54,BANK_TRANSFER
KE-2401615,12/08/2023,MOH,Ministry of Health,2210201,Communication supplies,MediPlus Distributors,8821.62,CHEQUE
KE-2401616,17/05/2024,MOF,Ministry of Finance,2211308,youth srh counselling services,Public Health Institute,4005.92,MOBILE_MONEY
KE-2401617,21/04/2024,MOFA,Ministry of Family Affairs,2211320,Cervical cancer screening,MediPlus Distributors,1054.05,MOBILE_MONEY
KE-2401618,31/03/2024,MOE,Ministry of Education,2211320,CERVICAL CANCER SCREENING,Vitalis Pharma,13710.03,BANK_TRANSFER
KE-2401619,11/12/2023,MOI,Ministry of Interior,2211201,laboratory reagents,Care Foundation,396865.38,CHEQUE
KE-2401620,29/09/2023,MOFA,Ministry of Family Affairs,2211199,General medical consumables,MediPlus Distributors,264349.38,MOBILE_MONEY
KE-2401621,28/02/2024,MOE,Ministry of Education,2211110,Maternity supplies and delivery kits,GreenLeaf Consultancy,-1101.52,CHEQUE
KE-2401622,07/02/2024,MOF,Ministry of Finance,2210201,Communication supplies,Highlands Print Works,7676.63,MOBILE_MONEY
KE-2401623,09/08/2023,MOE,Ministry of Education,3110101,Construction of buildings - health facilities,TransAfrica Logistics,7894.09,BANK_TRANSFER
KE-2401624,30/10/2023,MOI,Ministry of Interior,2211306,Antenatal outreach services,SafeWater Kenya,714605.79,BANK_TRANSFER
KE-2401625,20/11/2023,MOI,Ministry of Interior,2211101,Medical drugs,PharmaWest Africa,6681.3,CHEQUE
KE-2401626,16/06/2024,MOH,Ministry of Health,2211103,Vaccines,MedSupplies Ltd,883832.93,CHEQUE
KE-2401627,31/07/2023,MOFA,Ministry of Family Affairs,2211404,SGBV survivor support services,SafeWater Kenya,197004.68,CHEQUE
KE-2401628,02/06/2024,MOFA,Ministry of Family Affairs,2211501,Refined fuels,United Diagnostics,1886662.05,MOBILE_MONEY
KE-2401629,07/12/2023,MOFA,Ministry of Family Affairs,2211511,Printing and stationery,TransAfrica Logistics,2363.92,CHEQUE
KE-2401630,01/05/2024,MOF,Ministry of Finance,2211105,HIV test kits and ARVs,Modern Office Systems,5271.98,BANK_TRANSFER
KE-2401631,12/01/2024,MOI,Ministry of Interior,3110701,Purchase of vehicles - ambulances,Vitalis Pharma,1656.92,CHEQUE
KE-2401632,28/06/2024,MOE,Ministry of Education,2211103,Vaccines,NextGen IT,1946831.27,MOBILE_MONEY
KE-2401633,05/06/2024,MOI,Ministry of Interior,2210201,Communication supplies,GreenLeaf Consultancy,23873.13,CHEQUE
KE-2401634,01/07/2023,MOH,Ministry of Health,2211306,Antenatal outreach services,MedSupplies Ltd,159593.14,BANK_TRANSFER
KE-2401635,09/09/2023,MOF,Ministry of Finance,2110101,Basic salaries - permanent employees,SafeWater Kenya,605487.01,MOBILE_MONEY
KE-2401636,20/01/2024,MOE,Ministry of Education,2211407,Cleaning and fumigation - health facilities,SafeWater Kenya,80522.78,BANK_TRANSFER
KE-2401637,27/11/2023,MOF,Ministry of Finance,2211199,General medical consumables,MediPlus Distributors,12504.54,MOBILE_MONEY
KE-2401638,28/11/2023,MOFA,Ministry of Family Affairs,2211105,HIV test kits and ARVs,MedSupplies Ltd,1476668.6,BANK_TRANSFER
KE-2401639,21/01/2024,MOI,Ministry of Interior,2210301,Domestic travel,Vitalis Pharma,543196.19,CHEQUE
KE-2401640,09/07/2023,MOE,Ministry of Education,3110701,Purchase of vehicles - ambulances,Highlands Print Works,2351.15,BANK_TRANSFER
KE-2401641,12/12/2023,MOFA,Ministry of Family Affairs,2211101,Medical drugs,MedSupplies Ltd,3930.22,CHEQUE
KE-2401642,30/05/2024,MOH,Ministry of Health,2211201,Laboratory reagents,Regional Bank Services,1867846.04,BANK_TRANSFER
KE-2401643,15/04/2024,MOE,Ministry of Education,2211103,Vaccines,TransAfrica Logistics,108578.61,MOBILE_MONEY
KE-2401644,19/11/2023,MOH,Ministry of Health,2210201,Communication supplies,NextGen IT,1991042.77,MOBILE_MONEY
KE-2401645,04/08/2023,MOFA,Ministry of Family Affairs,2211199,General medical consumables,PharmaWest Africa,875712.91,MOBILE_MONEY
KE-2401646,17/05/2024,MOI,Ministry of Interior,3110101,Construction of buildings - health facilities,Regional Bank Services,25449.44,BANK_TRANSFER
KE-2401647,26/04/2024,MOE,Ministry of Education,2211308,YOUTH SRH COUNSELLING SERVICES,Public Health Institute,1922.32,BANK_TRANSFER
KE-2401648,24/10/2023,MOH,Ministry of Health,2211308,Youth SRH counselling services,TransAfrica Logistics,62171.55,BANK_TRANSFER
KE-2401649,06/12/2023,MOF,Ministry of Finance,2211201,Laboratory reagents,Modern Office Systems,,MOBILE_MONEY
KE-2401650,28/07/2023,MOE,Ministry of Education,3110101,Construction of buildings - health facilities,United Diagnostics,121952.95,BANK_TRANSFER
KE-2401651,16/02/2024,MOF,Ministry of Finance,2211407,CLEANING AND FUMIGATION - HEALTH FACILITIES,Sunrise Cleaning Services,1669.12,MOBILE_MONEY
KE-2401652,04/03/2024,MOI,Ministry of Interior,3110101,construction of buildings - health facilities,Nile Motors,1084.13,BANK_TRANSFER
KE-2401653,13/07/2023,MOH,Ministry of Health,3110101,Construction of buildings - health facilities,Public Health Institute,1091.34,BANK_TRANSFER
KE-2401654,05/07/2023,MOI,Ministry of Interior,2211407,Cleaning and fumigation - health facilities,TransAfrica Logistics,1159.86,BANK_TRANSFER
KE-2401655,29/11/2023,MOE,Ministry of Education,2211320,Cervical cancer screening,BuildRight Contractors,19220.06,BANK_TRANSFER
KE-2401656,27/10/2023,MOF,Ministry of Finance,2211102,Contraceptives and family planning commodities,TechnoServ Africa,33078.41,BANK_TRANSFER
KE-2401657,08/04/2024,MOI,Ministry of Interior,2211101,Medical drugs,Regional Bank Services,,CHEQUE
KE-2401658,17/07/2023,MOH,Ministry of Health,2211105,HIV test kits and ARVs,United Diagnostics,2018.13,BANK_TRANSFER
KE-2401659,11/04/2024,MOE,Ministry of Education,2211308,Youth SRH counselling services,Modern Office Systems,1790.4,BANK_TRANSFER
KE-2401660,23/02/2024,MOH,Ministry of Health,3110701,Purchase of vehicles - ambulances,Care Foundation,18223.48,BANK_TRANSFER
KE-2401661,22/06/2024,MOFA,Ministry of Family Affairs,2211105,HIV test kits and ARVs,Regional Bank Services,1868.96,BANK_TRANSFER
KE-2401662,22/11/2023,MOE,Ministry of Education,2211101,Medical drugs,PharmaWest Africa,323160.58,BANK_TRANSFER
KE-2401663,08/03/2024,MOFA,Ministry of Family Affairs,2211407,Cleaning and fumigation - health facilities,SafeWater Kenya,28554.0,BANK_TRANSFER
KE-2401664,13/01/2024,MOF,Ministry of Finance,2211308,Youth SRH counselling services,Care Foundation,464375.85,MOBILE_MONEY
KE-2401665,01/02/2024,MOE,Ministry of Education,2211501,Refined fuels,Sunrise Cleaning Services,1470.15,BANK_TRANSFER
KE-2401666,04/04/2024,MOE,Ministry of Education,2211103,Vaccines,Care Foundation,2157202.06,BANK_TRANSFER
KE-2401667,23/05/2024,MOF,Ministry of Finance,2211407,Cleaning and fumigation - health facilities,Highlands Print Works,1525.85,BANK_TRANSFER
KE-2401668,07/09/2023,MOFA,Ministry of Family Affairs,2211103,Vaccines,Regional Bank Services,1290.09,BANK_TRANSFER
KE-2401669,20/04/2024,MOI,Ministry of Interior,2210301,Domestic travel,BuildRight Contractors,5516.49,BANK_TRANSFER
KE-2401670,31/03/2024,MOI,Ministry of Interior,3110701,Purchase of vehicles - ambulances,Vitalis Pharma,1399.6,BANK_TRANSFER
KE-2401671,11/11/2023,MOF,Ministry of Finance,2211199,General medical consumables,Nile Motors,4967.33,CHEQUE
KE-2401672,25/02/2024,MOE,Ministry of Education,2211102,Contraceptives and family planning commodities,Sunrise Cleaning Services,522283.9,BANK_TRANSFER
KE-2401673,18/03/2024,MOF,Ministry of Finance,2110101,Basic salaries - permanent employees,Regional Bank Services,719362.77,BANK_TRANSFER
KE-2401674,15/06/2024,MOE,Ministry of Education,2211306,Antenatal outreach services,Highlands Print Works,217796.78,CHEQUE
KE-2401675,03/09/2023,MOH,Ministry of Health,2211404,SGBV survivor support services,MedSupplies Ltd,335256.12,CHEQUE
KE-2401676,25/03/2024,MOI,Ministry of Interior,2211103,VACCINES,GreenLeaf Consultancy,325769.67,BANK_TRANSFER
KE-2401677,14/04/2024,MOFA,Ministry of Family Affairs,2211501,Refined fuels,PharmaWest Africa,839506.91,CHEQUE
KE-2401678,11/05/2024,MOE,Ministry of Education,2211308,Youth SRH counselling services,TransAfrica Logistics,82229.2,BANK_TRANSFER
KE-2401679,08/01/2024,MOE,Ministry of Education,2211101,Medical drugs,Sunrise Cleaning Services,7517.43,MOBILE_MONEY
KE-2401680,07/10/2023,MOI,Ministry of Interior,2211320,Cervical cancer screening,NextGen IT,1245.48,MOBILE_MONEY
KE-2401681,08/12/2023,MOFA,Ministry of Family Affairs,2210301,Domestic travel,PharmaWest Africa,54089.34,CHEQUE
KE-2401682,18/09/2023,MOI,Ministry of Interior,3110101,Construction of buildings - health facilities,SafeWater Kenya,5427.97,CHEQUE
KE-2401683,08/01/2024,MOFA,Ministry of Family Affairs,2211201,Laboratory reagents,Vitalis Pharma,121058.84,BANK_TRANSFER
KE-2401684,21/11/2023,MOI,Ministry of Interior,2211308,Youth SRH counselling services,Modern Office Systems,7478.57,BANK_TRANSFER
KE-2401685,03/05/2024,MOFA,Ministry of Family Affairs,2211199,General medical consumables,United Diagnostics,434031.68,MOBILE_MONEY
KE-2401686,09/05/2024,MOI,Ministry of Interior,2211407,CLEANING AND FUMIGATION - HEALTH FACILITIES,Care Foundation,962.86,CHEQUE
KE-2401687,15/06/2024,MOH,Ministry of Health,2211511,Printing and stationery,PharmaWest Africa,"""27,917.22""",MOBILE_MONEY
KE-2401688,18/06/2024,MOH,Ministry of Health,2211199,General medical consumables,Regional Bank Services,530039.69,BANK_TRANSFER
KE-2401689,22/08/2023,MOE,Ministry of Education,3110701,Purchase of vehicles - ambulances,Care Foundation,1983.24,BANK_TRANSFER
KE-2401690,10/10/2023,MOI,Ministry of Interior,2211404,SGBV survivor support services,Modern Office Systems,81472.02,MOBILE_MONEY
KE-2401691,20/09/2023,MOE,Ministry of Education,2211199,General medical consumables,United Diagnostics,863184.86,CHEQUE
KE-2401692,21/06/2024,MOF,Ministry of Finance,2211110,Maternity supplies and delivery kits,Care Foundation,22135.76,MOBILE_MONEY
KE-2401693,23/08/2023,MOH,Ministry of Health,2211305,Immunisation outreach,Vitalis Pharma,128815.71,MOBILE_MONEY
KE-2401694,08/03/2024,MOF,Ministry of Finance,2211101,Medical drugs,NextGen IT,2393.5,CHEQUE
KE-2401695,09/04/2024,MOI,Ministry of Interior,2210301,Domestic travel,BuildRight Contractors,1727080.82,MOBILE_MONEY
KE-2401696,21/05/2024,MOFA,Ministry of Family Affairs,2211105,HIV test kits and ARVs,Regional Bank Services,73583.75,BANK_TRANSFER
KE-2401697,30/09/2023,MOI,Ministry of Interior,2211407,Cleaning and fumigation - health facilities,United Diagnostics,123489.35,BANK_TRANSFER
KE-2401698,03/10/2023,MOFA,Ministry of Family Affairs,2110101,Basic salaries - permanent employees,Vitalis Pharma,23855.84,MOBILE_MONEY
KE-2401699,31/05/2024,MOI,Ministry of Interior,2211501,Refined fuels,Sunrise Cleaning Services,761590.82,BANK_TRANSFER
KE-2401700,15/10/2023,MOE,Ministry of Education,2211201,Laboratory reagents,BuildRight Contractors,5616.25,CHEQUE
KE-2401701,11/06/2024,MOE,Ministry of Education,2211511,Printing and stationery,TransAfrica Logistics,1259304.1,MOBILE_MONEY
KE-2401702,14/09/2023,MOE,Ministry of Education,2211105,HIV TEST KITS AND ARVS,Vitalis Pharma,1233.65,MOBILE_MONEY
KE-2401703,12/03/2024,MOFA,Ministry of Family Affairs,2211102,Contraceptives and family planning commodities,Modern Office Systems,139155.82,CHEQUE
KE-2401704,06/02/2024,MOH,Ministry of Health,3110101,Construction of buildings - health facilities,MediPlus Distributors,130638.44,CHEQUE
KE-2401705,25/06/2024,MOI,Ministry of Interior,2211199,General medical consumables,TechnoServ Africa,25846.15,MOBILE_MONEY
KE-2401706,05/07/2023,MOE,Ministry of Education,2211199,general medical consumables,Sunrise Cleaning Services,5974.9,BANK_TRANSFER
KE-2401707,29/10/2023,MOFA,Ministry of Family Affairs,2211105,HIV test kits and ARVs,Regional Bank Services,336269.69,BANK_TRANSFER
KE-2401708,22/07/2023,MOF,Ministry of Finance,2211102,Contraceptives and family planning commodities,Public Health Institute,3278.66,MOBILE_MONEY
KE-2401709,03/09/2023,MOE,Ministry of Education,2210201,Communication supplies,TransAfrica Logistics,29523.83,BANK_TRANSFER
KE-2401710,03/09/2023,MOE,Ministry of Education,2211320,Cervical cancer screening,Public Health Institute,811131.18,BANK_TRANSFER
KE-2401711,25/03/2024,MOI,Ministry of Interior,2211110,Maternity supplies and delivery kits,United Diagnostics,1695.87,BANK_TRANSFER
KE-2401712,11/05/2024,MOF,Ministry of Finance,2211306,Antenatal outreach services,BuildRight Contractors,1822682.04,BANK_TRANSFER
KE-2401713,14/09/2023,MOE,Ministry of Education,2211407,Cleaning and fumigation - health facilities,GreenLeaf Consultancy,14438.88,BANK_TRANSFER
KE-2401714,13/02/2024,MOE,Ministry of Education,2211511,Printing and stationery,Vitalis Pharma,1143064.65,MOBILE_MONEY
KE-2401715,11/01/2024,MOFA,Ministry of Family Affairs,2211306,Antenatal outreach services,Sunrise Cleaning Services,6887.95,BANK_TRANSFER
KE-2401716,13/11/2023,MOF,Ministry of Finance,2211511,Printing and stationery,United Diagnostics,725892.31,CHEQUE
KE-2401717,08/01/2024,MOF,Ministry of Finance,2211101,Medical drugs,MediPlus Distributors,817687.34,CHEQUE
KE-2401718,21/05/2024,MOH,Ministry of Health,2211305,Immunisation outreach,SafeWater Kenya,2399.82,BANK_TRANSFER
KE-2401719,03/07/2023,MOF,Ministry of Finance,2211305,Immunisation outreach,Highlands Print Works,673894.48,CHEQUE
KE-2401720,01/09/2023,MOF,Ministry of Finance,2110101,Basic salaries - permanent employees,United Diagnostics,272129.97,BANK_TRANSFER
KE-2401721,28/05/2024,MOE,Ministry of Education,2211102,Contraceptives and family planning commodities,Vitalis Pharma,13421.74,CHEQUE
KE-2401722,26/08/2023,MOH,Ministry of Health,2211105,HIV test kits and ARVs,TechnoServ Africa,139251.05,MOBILE_MONEY
KE-2401723,01/06/2024,MOH,Ministry of Health,2211501,Refined fuels,Regional Bank Services,70643.63,CHEQUE
KE-2401724,18/10/2023,MOI,Ministry of Interior,2211320,Cervical cancer screening,Nile Motors,1536.07,BANK_TRANSFER
KE-2401725,17/01/2024,MOI,Ministry of Interior,2211511,Printing and stationery,MediPlus Distributors,318283.19,MOBILE_MONEY
KE-2401726,13/10/2023,MOH,Ministry of Health,2210301,Domestic travel,United Diagnostics,6102.59,MOBILE_MONEY
KE-2401727,28/03/2024,MOFA,Ministry of Family Affairs,2211511,Printing and stationery,Sunrise Cleaning Services,85432.09,BANK_TRANSFER
KE-2401728,18/04/2024,MOH,Ministry of Health,2211306,Antenatal outreach services,Nile Motors,1248200.72,BANK_TRANSFER
KE-2401729,24/06/2024,MOI,Ministry of Interior,2211103,Vaccines,PharmaWest Africa,807908.56,CHEQUE
KE-2401730,16/08/2023,MOH,Ministry of Health,2210301,Domestic travel,TransAfrica Logistics,1362.23,MOBILE_MONEY
KE-2401731,15/04/2024,MOI,Ministry of Interior,2210301,Domestic travel,PharmaWest Africa,6595.3,CHEQUE
KE-2401732,20/12/2023,MOI,Ministry of Interior,2211102,Contraceptives and family planning commodities,MedSupplies Ltd,4695.23,MOBILE_MONEY
KE-2401733,20/11/2023,MOF,Ministry of Finance,2211308,Youth SRH counselling services,United Diagnostics,2352.21,CHEQUE
KE-2401734,19/03/2024,MOFA,Ministry of Family Affairs,2211201,Laboratory reagents,United Diagnostics,1850308.36,BANK_TRANSFER
KE-2401735,04/10/2023,MOF,Ministry of Finance,2211404,SGBV survivor support services,PharmaWest Africa,177475.44,BANK_TRANSFER
KE-2401736,06/06/2024,MOF,Ministry of Finance,2211501,Refined fuels,United Diagnostics,88155.17,BANK_TRANSFER
KE-2401737,20/05/2024,MOFA,Ministry of Family Affairs,2211101,Medical drugs,Vitalis Pharma,33694.21,MOBILE_MONEY
KE-2401738,26/03/2024,MOFA,Ministry of Family Affairs,2211110,maternity supplies and delivery kits,BuildRight Contractors,65227.09,MOBILE_MONEY
KE-2401739,29/11/2023,MOI,Ministry of Interior,2211201,Laboratory reagents,Care Foundation,3728.33,MOBILE_MONEY
KE-2401740,26/10/2023,MOH,Ministry of Health,2211320,Cervical cancer screening,Highlands Print Works,123334.15,MOBILE_MONEY
KE-2401741,23/06/2024,MOF,Ministry of Finance,2211501,Refined fuels,Regional Bank Services,132190.05,CHEQUE
KE-2401742,20/07/2023,MOE,Ministry of Education,2211105,HIV test kits and ARVs,Nile Motors,112820.11,MOBILE_MONEY
KE-2401743,05/05/2024,MOH,Ministry of Health,2211306,Antenatal outreach services,TechnoServ Africa,83611.27,CHEQUE
KE-2401744,31/08/2023,MOFA,Ministry of Family Affairs,2211103,Vaccines,NextGen IT,3230.94,MOBILE_MONEY
KE-2401745,13/03/2024,MOH,Ministry of Health,2211201,Laboratory reagents,GreenLeaf Consultancy,637190.53,MOBILE_MONEY
KE-2401746,21/03/2024,MOF,Ministry of Finance,2211511,Printing and stationery,Regional Bank Services,106883.17,MOBILE_MONEY
KE-2401747,29/11/2023,MOI,Ministry of Interior,2211404,SGBV survivor support services,Public Health Institute,820649.53,MOBILE_MONEY
KE-2401748,25/07/2023,MOFA,Ministry of Family Affairs,2110101,Basic salaries - permanent employees,Highlands Print Works,1260160.29,CHEQUE
KE-2401749,30/11/2023,MOH,Ministry of Health,2211320,Cervical cancer screening,MediPlus Distributors,120662.65,BANK_TRANSFER
KE-2401750,01/07/2023,MOH,Ministry of Health,2211511,Printing and stationery,United Diagnostics,2366.56,BANK_TRANSFER
KE-2401751,22/04/2024,MOH,Ministry of Health,2211308,Youth SRH counselling services,PharmaWest Africa,963092.55,CHEQUE
KE-2401752,29/11/2023,MOE,Ministry of Education,2211511,Printing and stationery,Public Health Institute,2275.78,BANK_TRANSFER
KE-2401753,17/02/2024,MOFA,Ministry of Family Affairs,2211103,VACCINES,Vitalis Pharma,214216.46,BANK_TRANSFER
KE-2401754,08/04/2024,MOE,Ministry of Education,2210201,Communication supplies,MedSupplies Ltd,7528.61,BANK_TRANSFER
KE-2401755,09/12/2023,MOE,Ministry of Education,2211102,Contraceptives and family planning commodities,Modern Office Systems,17137.86,MOBILE_MONEY
KE-2401756,07/02/2024,MOH,Ministry of Health,2211201,Laboratory reagents,United Diagnostics,-1369176.32,BANK_TRANSFER
KE-2401757,17/01/2024,MOFA,Ministry of Family Affairs,2211105,HIV TEST KITS AND ARVS,United Diagnostics,118896.88,CHEQUE
KE-2401758,24/03/2024,MOFA,Ministry of Family Affairs,3110101,Construction of buildings - health facilities,MedSupplies Ltd,119183.05,CHEQUE
KE-2401759,25/05/2024,MOH,Ministry of Health,3110101,Construction of buildings - health facilities,TechnoServ Africa,30844.92,CHEQUE
KE-2401760,29/06/2024,MOI,Ministry of Interior,2211320,Cervical cancer screening,GreenLeaf Consultancy,1342.59,BANK_TRANSFER
KE-2401761,01/01/2024,MOH,Ministry of Health,2210301,Domestic travel,GreenLeaf Consultancy,1084.16,MOBILE_MONEY
KE-2401762,19/01/2024,MOE,Ministry of Education,2211110,Maternity supplies and delivery kits,PharmaWest Africa,122234.83,MOBILE_MONEY
KE-2401763,20/03/2024,MOF,Ministry of Finance,2211110,Maternity supplies and delivery kits,United Diagnostics,2496.37,BANK_TRANSFER
KE-2401764,19/10/2023,MOFA,Ministry of Family Affairs,2211305,Immunisation outreach,NextGen IT,1957386.26,BANK_TRANSFER
KE-2401765,08/07/2023,MOH,Ministry of Health,2210201,Communication supplies,SafeWater Kenya,1103.84,MOBILE_MONEY
KE-2401766,15/07/2023,MOH,Ministry of Health,2210201,communication supplies,Sunrise Cleaning Services,962.85,MOBILE_MONEY
KE-2401767,19/06/2024,MOF,Ministry of Finance,2211305,IMMUNISATION OUTREACH,United Diagnostics,306095.67,BANK_TRANSFER
KE-2401768,12/05/2024,MOH,Ministry of Health,2211103,vaccines,Modern Office Systems,1359120.16,MOBILE_MONEY
KE-2401769,28/12/2023,MOFA,Ministry of Family Affairs,2211201,Laboratory reagents,MedSupplies Ltd,8034.31,MOBILE_MONEY
KE-2401770,05/10/2023,MOE,Ministry of Education,2211199,General medical consumables,Nile Motors,516247.52,BANK_TRANSFER
KE-2401771,15/05/2024,MOH,Ministry of Health,2211320,Cervical cancer screening,Care Foundation,3229.33,BANK_TRANSFER
KE-2401772,01/12/2023,MOI,Ministry of Interior,2211407,Cleaning and fumigation - health facilities,Vitalis Pharma,1559.19,CHEQUE
KE-2401773,18/09/2023,MOFA,Ministry of Family Affairs,2211199,General medical consumables,BuildRight Contractors,297746.74,BANK_TRANSFER
KE-2401774,15/01/2024,MOFA,Ministry of Family Affairs,2211102,Contraceptives and family planning commodities,Highlands Print Works,1717235.94,CHEQUE
KE-2401775,13/02/2024,MOE,Ministry of Education,2211501,Refined fuels,United Diagnostics,127856.15,MOBILE_MONEY
KE-2401776,23/09/2023,MOFA,Ministry of Family Affairs,2211201,LABORATORY REAGENTS,PharmaWest Africa,1529.74,CHEQUE
KE-2401777,28/04/2024,MOF,Ministry of Finance,2211199,General medical consumables,PharmaWest Africa,123119.49,CHEQUE
KE-2401778,23/03/2024,MOF,Ministry of Finance,2211199,General medical consumables,Vitalis Pharma,661490.56,CHEQUE
KE-2401779,02/09/2023,MOH,Ministry of Health,2211320,Cervical cancer screening,SafeWater Kenya,651613.15,BANK_TRANSFER
KE-2401780,03/11/2023,MOF,Ministry of Finance,2210301,Domestic travel,Care Foundation,,CHEQUE
KE-2401781,09/10/2023,MOH,Ministry of Health,2211404,SGBV survivor support services,Nile Motors,1821872.89,BANK_TRANSFER
KE-2401782,08/01/2024,MOF,Ministry of Finance,2211103,Vaccines,Highlands Print Works,260044.94,MOBILE_MONEY
KE-2401783,18/09/2023,MOI,Ministry of Interior,2211320,Cervical cancer screening,Nile Motors,29823.49,MOBILE_MONEY
KE-2401784,03/02/2024,MOFA,Ministry of Family Affairs,2211308,Youth SRH counselling services,NextGen IT,141482.29,CHEQUE
KE-2401785,01/08/2023,MOFA,Ministry of Family Affairs,2211101,Medical drugs,Highlands Print Works,1651.77,CHEQUE
KE-2401786,15/01/2024,MOF,Ministry of Finance,2211101,Medical drugs,Highlands Print Works,-85402.33,CHEQUE
KE-2401787,19/06/2024,MOE,Ministry of Education,2210301,Domestic travel,Modern Office Systems,83844.65,MOBILE_MONEY
KE-2401788,04/05/2024,MOF,Ministry of Finance,2211110,Maternity supplies and delivery kits,Sunrise Cleaning Services,22170.9,BANK_TRANSFER
KE-2401789,08/09/2023,MOFA,Ministry of Family Affairs,2211199,General medical consumables,Public Health Institute,275558.51,CHEQUE
KE-2401790,12/07/2023,MOE,Ministry of Education,2211308,Youth SRH counselling services,TransAfrica Logistics,4718.03,CHEQUE
KE-2401791,28/07/2023,MOFA,Ministry of Family Affairs,2211407,Cleaning and fumigation - health facilities,GreenLeaf Consultancy,-248477.56,BANK_TRANSFER
KE-2401792,06/02/2024,MOFA,Ministry of Family Affairs,2211407,Cleaning and fumigation - health facilities,Vitalis Pharma,1888.32,BANK_TRANSFER
KE-2401793,15/01/2024,MOE,Ministry of Education,2211501,Refined fuels,United Diagnostics,26071.15,BANK_TRANSFER
KE-2401794,10/05/2024,MOFA,Ministry of Family Affairs,2211105,HIV test kits and ARVs,Sunrise Cleaning Services,73713.14,MOBILE_MONEY
KE-2401795,02/10/2023,MOF,Ministry of Finance,2211320,Cervical cancer screening,United Diagnostics,353943.24,CHEQUE
KE-2401796,20/12/2023,MOH,Ministry of Health,3110701,Purchase of vehicles - ambulances,PharmaWest Africa,789886.59,MOBILE_MONEY
KE-2401797,31/05/2024,MOFA,Ministry of Family Affairs,2211102,Contraceptives and family planning commodities,Highlands Print Works,28631.08,BANK_TRANSFER
KE-2401798,10/03/2024,MOH,Ministry of Health,2210301,Domestic travel,Nile Motors,48671.8,CHEQUE
KE-2401799,14/08/2023,MOFA,Ministry of Family Affairs,2211501,Refined fuels,PharmaWest Africa,24465.73,CHEQUE
KE-2401800,08/03/2024,MOFA,Ministry of Family Affairs,2211305,Immunisation outreach,GreenLeaf Consultancy,3543.69,MOBILE_MONEY
KE-2401801,16/12/2023,MOE,Ministry of Education,2211320,Cervical cancer screening,TransAfrica Logistics,229047.8,CHEQUE
KE-2401802,05/02/2024,MOFA,Ministry of Family Affairs,3110101,Construction of buildings - health facilities,Public Health Institute,2045.57,MOBILE_MONEY
KE-2401803,05/10/2023,MOE,Ministry of Education,2211103,Vaccines,Modern Office Systems,825550.28,MOBILE_MONEY
KE-2401804,28/07/2023,MOI,Ministry of Interior,2110101,Basic salaries - permanent employees,Regional Bank Services,813445.28,BANK_TRANSFER
KE-2401805,19/05/2024,MOH,Ministry of Health,3110101,Construction of buildings - health facilities,Nile Motors,7906.32,CHEQUE
KE-2401806,14/08/2023,MOE,Ministry of Education,3110101,Construction of buildings - health facilities,MedSupplies Ltd,189549.0,CHEQUE
KE-2401807,14/08/2023,MOFA,Ministry of Family Affairs,2211308,Youth SRH counselling services,Care Foundation,932.24,CHEQUE
KE-2401808,27/06/2024,MOH,Ministry of Health,2211306,Antenatal outreach services,SafeWater Kenya,3001.26,CHEQUE
KE-2401809,31/01/2024,MOH,Ministry of Health,2211305,Immunisation outreach,PharmaWest Africa,788787.27,BANK_TRANSFER
KE-2401810,18/08/2023,MOH,Ministry of Health,2211110,Maternity supplies and delivery kits,TransAfrica Logistics,21189.59,BANK_TRANSFER
KE-2401811,28/12/2023,MOH,Ministry of Health,2211511,Printing and stationery,MediPlus Distributors,866321.58,MOBILE_MONEY
KE-2401812,16/12/2023,MOF,Ministry of Finance,2211308,Youth SRH counselling services,MedSupplies Ltd,2651.0,MOBILE_MONEY
KE-2401813,10/01/2024,MOE,Ministry of Education,2210201,COMMUNICATION SUPPLIES,MedSupplies Ltd,127916.07,BANK_TRANSFER
KE-2401814,21/12/2023,MOE,Ministry of Education,2211103,Vaccines,MediPlus Distributors,1899527.44,CHEQUE
KE-2401815,06/09/2023,MOI,Ministry of Interior,2211404,SGBV survivor support services,MedSupplies Ltd,1115.08,CHEQUE
KE-2401816,08/08/2023,MOFA,Ministry of Family Affairs,2110101,Basic salaries - permanent employees,Modern Office Systems,338011.3,MOBILE_MONEY
KE-2401817,21/09/2023,MOE,Ministry of Education,2211101,Medical drugs,Sunrise Cleaning Services,86707.03,BANK_TRANSFER
KE-2401818,07/04/2024,MOFA,Ministry of Family Affairs,3110701,Purchase of vehicles - ambulances,Regional Bank Services,3983.94,BANK_TRANSFER
KE-2401819,19/11/2023,MOI,Ministry of Interior,2110101,Basic salaries - permanent employees,Public Health Institute,18738.06,BANK_TRANSFER
KE-2401820,14/03/2024,MOE,Ministry of Education,2211103,Vaccines,MedSupplies Ltd,5171.1,BANK_TRANSFER
KE-2401821,22/10/2023,MOFA,Ministry of Family Affairs,2211320,Cervical cancer screening,GreenLeaf Consultancy,157330.59,MOBILE_MONEY
KE-2401822,19/07/2023,MOI,Ministry of Interior,2211308,Youth SRH counselling services,MedSupplies Ltd,218149.51,CHEQUE
KE-2401823,23/02/2024,MOE,Ministry of Education,2210301,Domestic travel,BuildRight Contractors,124014.57,MOBILE_MONEY
KE-2401824,01/02/2024,MOF,Ministry of Finance,3110701,Purchase of vehicles - ambulances,GreenLeaf Consultancy,881492.51,CHEQUE
KE-2401825,16/01/2024,MOH,Ministry of Health,2110101,Basic salaries - permanent employees,TechnoServ Africa,19582.18,MOBILE_MONEY
KE-2401826,17/04/2024,MOI,Ministry of Interior,2211407,Cleaning and fumigation - health facilities,SafeWater Kenya,1577597.55,CHEQUE
KE-2401827,03/05/2024,MOFA,Ministry of Family Affairs,2211199,General medical consumables,TransAfrica Logistics,3439.97,CHEQUE
KE-2401828,28/09/2023,MOE,Ministry of Education,2211105,HIV test kits and ARVs,Modern Office Systems,2175.9,MOBILE_MONEY
KE-2401829,31/03/2024,MOF,Ministry of Finance,3110701,Purchase of vehicles - ambulances,NextGen IT,424859.24,BANK_TRANSFER
KE-2401830,20/11/2023,MOI,Ministry of Interior,2211199,General medical consumables,GreenLeaf Consultancy,851843.02,MOBILE_MONEY
KE-2401831,14/03/2024,MOI,Ministry of Interior,2211103,Vaccines,GreenLeaf Consultancy,1629.16,BANK_TRANSFER
KE-2401832,29/05/2024,MOF,Ministry of Finance,2211103,Vaccines,Regional Bank Services,7864.51,MOBILE_MONEY
KE-2401833,12/07/2023,MOI,Ministry of Interior,2211407,Cleaning and fumigation - health facilities,NextGen IT,30083.38,BANK_TRANSFER
KE-2401834,29/12/2023,MOF,Ministry of Finance,2210301,DOMESTIC TRAVEL,United Diagnostics,14844.42,BANK_TRANSFER
KE-2401835,06/06/2024,MOF,Ministry of Finance,2211102,Contraceptives and family planning commodities,Public Health Institute,16576.58,MOBILE_MONEY
KE-2401836,13/11/2023,MOH,Ministry of Health,2211407,Cleaning and fumigation - health facilities,BuildRight Contractors,263497.9,BANK_TRANSFER
KE-2401837,13/11/2023,MOH,Ministry of Health,3110701,Purchase of vehicles - ambulances,United Diagnostics,507759.8,BANK_TRANSFER
KE-2401838,06/09/2023,MOI,Ministry of Interior,2211201,Laboratory reagents,TransAfrica Logistics,65006.81,CHEQUE
KE-2401839,04/05/2024,MOF,Ministry of Finance,2211306,Antenatal outreach services,MedSupplies Ltd,104536.36,CHEQUE
KE-2401840,07/05/2024,MOFA,Ministry of Family Affairs,2210201,Communication supplies,MedSupplies Ltd,735221.25,MOBILE_MONEY
KE-2401841,26/03/2024,MOF,Ministry of Finance,2211305,IMMUNISATION OUTREACH,Public Health Institute,1352982.14,BANK_TRANSFER
KE-2401842,02/07/2023,MOH,Ministry of Health,2210201,COMMUNICATION SUPPLIES,Sunrise Cleaning Services,1914028.71,MOBILE_MONEY
KE-2401843,20/10/2023,MOE,Ministry of Education,2210301,Domestic travel,MediPlus Distributors,2066.36,MOBILE_MONEY
KE-2401844,28/05/2024,MOE,Ministry of Education,2211199,General medical consumables,PharmaWest Africa,1575.54,MOBILE_MONEY
KE-2401845,26/06/2024,MOE,Ministry of Education,2210301,Domestic travel,Vitalis Pharma,137155.83,MOBILE_MONEY
KE-2401846,11/11/2023,MOH,Ministry of Health,2211305,Immunisation outreach,NextGen IT,1934.43,MOBILE_MONEY
KE-2401847,12/04/2024,MOI,Ministry of Interior,2211105,HIV TEST KITS AND ARVS,Vitalis Pharma,1639141.98,BANK_TRANSFER
KE-2401848,20/02/2024,MOH,Ministry of Health,2211305,Immunisation outreach,NextGen IT,2182.39,MOBILE_MONEY
KE-2401849,01/03/2024,MOI,Ministry of Interior,2211501,Refined fuels,MedSupplies Ltd,-798634.4,MOBILE_MONEY
KE-2401850,19/02/2024,MOFA,Ministry of Family Affairs,3110701,PURCHASE OF VEHICLES - AMBULANCES,Vitalis Pharma,1867272.48,MOBILE_MONEY
KE-2401851,12/03/2024,MOI,Ministry of Interior,2110101,Basic salaries - permanent employees,Vitalis Pharma,243120.04,CHEQUE
KE-2401852,28/05/2024,MOI,Ministry of Interior,3110701,Purchase of vehicles - ambulances,MedSupplies Ltd,982118.15,BANK_TRANSFER
KE-2401853,12/06/2024,MOF,Ministry of Finance,2211105,HIV test kits and ARVs,Modern Office Systems,7289.53,BANK_TRANSFER
KE-2401854,22/11/2023,MOI,Ministry of Interior,3110701,Purchase of vehicles - ambulances,Regional Bank Services,24458.32,MOBILE_MONEY
KE-2401855,01/07/2023,MOF,Ministry of Finance,2211105,HIV test kits and ARVs,Sunrise Cleaning Services,153136.87,CHEQUE
KE-2401856,10/04/2024,MOFA,Ministry of Family Affairs,2211511,Printing and stationery,PharmaWest Africa,63387.45,BANK_TRANSFER
KE-2401857,02/08/2023,MOFA,Ministry of Family Affairs,2211103,VACCINES,MediPlus Distributors,2043169.73,CHEQUE
KE-2401858,25/07/2023,MOF,Ministry of Finance,2211308,Youth SRH counselling services,PharmaWest Africa,1602091.14,MOBILE_MONEY
KE-2401859,16/08/2023,MOE,Ministry of Education,2211102,Contraceptives and family planning commodities,TechnoServ Africa,6609.79,CHEQUE
KE-2401860,21/11/2023,MOH,Ministry of Health,2211407,Cleaning and fumigation - health facilities,SafeWater Kenya,342303.55,MOBILE_MONEY
KE-2401861,30/10/2023,MOI,Ministry of Interior,2211306,Antenatal outreach services,Regional Bank Services,1360.68,MOBILE_MONEY
KE-2401862,28/11/2023,MOFA,Ministry of Family Affairs,2211501,Refined fuels,MedSupplies Ltd,218771.83,BANK_TRANSFER
KE-2401863,29/03/2024,MOE,Ministry of Education,3110101,Construction of buildings - health facilities,Vitalis Pharma,4246.03,MOBILE_MONEY
KE-2401864,21/07/2023,MOH,Ministry of Health,2211407,Cleaning and fumigation - health facilities,Modern Office Systems,63952.49,BANK_TRANSFER
KE-2401865,19/04/2024,MOFA,Ministry of Family Affairs,2211320,Cervical cancer screening,MediPlus Distributors,220317.15,BANK_TRANSFER
KE-2401866,18/08/2023,MOF,Ministry of Finance,2211320,cervical cancer screening,Modern Office Systems,20456.76,CHEQUE
KE-2401867,29/12/2023,MOF,Ministry of Finance,3110101,Construction of buildings - health facilities,BuildRight Contractors,108032.95,BANK_TRANSFER
KE-2401868,06/06/2024,MOF,Ministry of Finance,2211501,REFINED FUELS,TechnoServ Africa,353680.6,MOBILE_MONEY
KE-2401869,19/04/2024,MOF,Ministry of Finance,2211308,Youth SRH counselling services,Vitalis Pharma,88190.55,MOBILE_MONEY
KE-2401870,17/09/2023,MOH,Ministry of Health,2211320,Cervical cancer screening,BuildRight Contractors,778038.73,MOBILE_MONEY
KE-2401871,29/09/2023,MOF,Ministry of Finance,2211511,Printing and stationery,GreenLeaf Consultancy,,CHEQUE
KE-2401872,20/09/2023,MOI,Ministry of Interior,2211199,General medical consumables,SafeWater Kenya,35792.48,MOBILE_MONEY
KE-2401873,19/03/2024,MOI,Ministry of Interior,2211306,Antenatal outreach services,Care Foundation,1695.46,CHEQUE
KE-2401874,24/01/2024,MOH,Ministry of Health,2211306,Antenatal outreach services,Public Health Institute,157153.66,CHEQUE
KE-2401875,21/09/2023,MOFA,Ministry of Family Affairs,3110701,Purchase of vehicles - ambulances,United Diagnostics,23197.31,MOBILE_MONEY
KE-2401876,22/05/2024,MOH,Ministry of Health,2211306,ANTENATAL OUTREACH SERVICES,MedSupplies Ltd,2087594.39,CHEQUE
KE-2401877,15/09/2023,MOFA,Ministry of Family Affairs,2210301,Domestic travel,PharmaWest Africa,4449.98,CHEQUE
KE-2401878,09/08/2023,MOE,Ministry of Education,2211320,Cervical cancer screening,GreenLeaf Consultancy,182138.6,BANK_TRANSFER
KE-2401879,10/10/2023,MOF,Ministry of Finance,2211101,Medical drugs,Public Health Institute,367544.9,BANK_TRANSFER
KE-2401880,21/07/2023,MOFA,Ministry of Family Affairs,2211320,Cervical cancer screening,TechnoServ Africa,146244.75,BANK_TRANSFER
KE-2401881,05/09/2023,MOFA,Ministry of Family Affairs,2211308,Youth SRH counselling services,TransAfrica Logistics,820924.31,CHEQUE
KE-2401882,25/05/2024,MOF,Ministry of Finance,3110101,Construction of buildings - health facilities,Public Health Institute,35904.0,BANK_TRANSFER
KE-2401883,23/03/2024,MOH,Ministry of Health,2211103,Vaccines,United Diagnostics,4030.25,CHEQUE
KE-2401884,15/03/2024,MOE,Ministry of Education,3110701,Purchase of vehicles - ambulances,PharmaWest Africa,667174.38,MOBILE_MONEY
KE-2401885,16/11/2023,MOF,Ministry of Finance,2211105,HIV test kits and ARVs,PharmaWest Africa,30207.09,MOBILE_MONEY
KE-2401886,01/03/2024,MOE,Ministry of Education,2211199,General medical consumables,Regional Bank Services,358408.59,MOBILE_MONEY
KE-2401887,09/04/2024,MOE,Ministry of Education,2211305,Immunisation outreach,Highlands Print Works,611147.37,MOBILE_MONEY
KE-2401888,06/02/2024,MOI,Ministry of Interior,2211404,SGBV survivor support services,Regional Bank Services,496971.11,BANK_TRANSFER
KE-2401889,02/01/2024,MOF,Ministry of Finance,2110101,basic salaries - permanent employees,SafeWater Kenya,410451.0,BANK_TRANSFER
KE-2401890,07/01/2024,MOI,Ministry of Interior,2211306,Antenatal outreach services,Regional Bank Services,294425.98,MOBILE_MONEY
KE-2401891,03/03/2024,MOH,Ministry of Health,2211404,SGBV survivor support services,Vitalis Pharma,3684.8,BANK_TRANSFER
KE-2401892,22/03/2024,MOH,Ministry of Health,2211101,Medical drugs,TechnoServ Africa,72254.85,CHEQUE
KE-2401893,07/06/2024,MOH,Ministry of Health,2211110,Maternity supplies and delivery kits,PharmaWest Africa,5477.35,BANK_TRANSFER
KE-2401894,20/07/2023,MOFA,Ministry of Family Affairs,2211320,Cervical cancer screening,Vitalis Pharma,115777.79,BANK_TRANSFER
KE-2401895,08/11/2023,MOI,Ministry of Interior,2211110,Maternity supplies and delivery kits,PharmaWest Africa,2101681.52,BANK_TRANSFER
KE-2401896,24/11/2023,MOH,Ministry of Health,2211407,Cleaning and fumigation - health facilities,Sunrise Cleaning Services,27999.49,BANK_TRANSFER
KE-2401897,28/02/2024,MOF,Ministry of Finance,2211511,Printing and stationery,TransAfrica Logistics,5241.89,MOBILE_MONEY
KE-2401898,26/04/2024,MOF,Ministry of Finance,2211511,Printing and stationery,GreenLeaf Consultancy,1429.22,CHEQUE
KE-2401899,17/02/2024,MOH,Ministry of Health,2211201,Laboratory reagents,PharmaWest Africa,168176.22,BANK_TRANSFER
KE-2401900,10/09/2023,MOE,Ministry of Education,2211501,Refined fuels,MediPlus Distributors,1034.43,BANK_TRANSFER
KE-2401901,14/12/2023,MOF,Ministry of Finance,2211308,Youth SRH counselling services,Public Health Institute,317017.2,MOBILE_MONEY
KE-2401902,18/11/2023,MOH,Ministry of Health,2211103,Vaccines,Vitalis Pharma,14837.28,BANK_TRANSFER
KE-2401903,22/11/2023,MOFA,Ministry of Family Affairs,2211201,Laboratory reagents,PharmaWest Africa,126178.96,MOBILE_MONEY
KE-2401904,24/05/2024,MOE,Ministry of Education,2211407,Cleaning and fumigation - health facilities,MediPlus Distributors,103661.1,CHEQUE
KE-2401905,08/03/2024,MOF,Ministry of Finance,2210201,Communication supplies,SafeWater Kenya,5672.65,MOBILE_MONEY
KE-2401906,18/05/2024,MOI,Ministry of Interior,2210301,Domestic travel,Highlands Print Works,817977.2,CHEQUE
KE-2401907,23/02/2024,MOF,Ministry of Finance,2210301,Domestic travel,Care Foundation,814922.29,MOBILE_MONEY
KE-2401908,26/01/2024,MOI,Ministry of Interior,2210201,Communication supplies,Modern Office Systems,242558.06,CHEQUE
KE-2401909,20/04/2024,MOI,Ministry of Interior,2211407,Cleaning and fumigation - health facilities,BuildRight Contractors,970385.83,BANK_TRANSFER
KE-2401910,15/03/2024,MOI,Ministry of Interior,2211101,MEDICAL DRUGS,MedSupplies Ltd,114749.53,BANK_TRANSFER
KE-2401911,12/10/2023,MOF,Ministry of Finance,2211110,Maternity supplies and delivery kits,Care Foundation,321401.94,CHEQUE
KE-2401912,02/11/2023,MOE,Ministry of Education,3110101,Construction of buildings - health facilities,Vitalis Pharma,72468.45,MOBILE_MONEY
KE-2401913,22/08/2023,MOFA,Ministry of Family Affairs,2211404,SGBV survivor support services,MedSupplies Ltd,-107875.21,MOBILE_MONEY
KE-2401914,10/08/2023,MOE,Ministry of Education,2211404,SGBV survivor support services,United Diagnostics,283643.11,BANK_TRANSFER
KE-2401915,20/11/2023,MOH,Ministry of Health,2211320,Cervical cancer screening,Public Health Institute,531559.09,BANK_TRANSFER
KE-2401916,12/09/2023,MOF,Ministry of Finance,3110701,Purchase of vehicles - ambulances,BuildRight Contractors,823920.81,BANK_TRANSFER
KE-2401917,17/09/2023,MOI,Ministry of Interior,2211201,Laboratory reagents,United Diagnostics,350088.58,BANK_TRANSFER
KE-2401918,18/11/2023,MOE,Ministry of Education,2211201,laboratory reagents,Regional Bank Services,16601.77,MOBILE_MONEY
KE-2401919,01/05/2024,MOH,Ministry of Health,2210201,Communication supplies,Public Health Institute,1536.12,BANK_TRANSFER
KE-2401920,17/02/2024,MOFA,Ministry of Family Affairs,2210201,Communication supplies,Nile Motors,181052.25,MOBILE_MONEY
KE-2401921,28/08/2023,MOFA,Ministry of Family Affairs,2211501,Refined fuels,MedSupplies Ltd,21159.56,MOBILE_MONEY
KE-2401922,30/07/2023,MOH,Ministry of Health,2211320,Cervical cancer screening,Highlands Print Works,1623.45,CHEQUE
KE-2401923,20/02/2024,MOI,Ministry of Interior,2211101,MEDICAL DRUGS,PharmaWest Africa,862844.75,BANK_TRANSFER
KE-2401924,26/01/2024,MOF,Ministry of Finance,3110701,Purchase of vehicles - ambulances,Nile Motors,26448.99,BANK_TRANSFER
KE-2401925,03/03/2024,MOF,Ministry of Finance,2211306,Antenatal outreach services,Sunrise Cleaning Services,34007.49,CHEQUE
KE-2401926,01/05/2024,MOF,Ministry of Finance,2210301,Domestic travel,Vitalis Pharma,553309.75,CHEQUE
KE-2401927,07/06/2024,MOFA,Ministry of Family Affairs,2110101,Basic salaries - permanent employees,United Diagnostics,1734098.85,CHEQUE
KE-2401928,03/09/2023,MOF,Ministry of Finance,2210301,Domestic travel,Nile Motors,53143.9,MOBILE_MONEY
KE-2401929,12/05/2024,MOFA,Ministry of Family Affairs,2210201,Communication supplies,Highlands Print Works,1761377.8,MOBILE_MONEY
KE-2401930,06/08/2023,MOH,Ministry of Health,2211199,General medical consumables,Care Foundation,8620.16,CHEQUE
KE-2401931,16/04/2024,MOF,Ministry of Finance,2211501,Refined fuels,Care Foundation,7054.61,CHEQUE
KE-2401932,06/01/2024,MOFA,Ministry of Family Affairs,2210301,Domestic travel,PharmaWest Africa,2449.61,CHEQUE
KE-2401933,28/06/2024,MOI,Ministry of Interior,2110101,Basic salaries - permanent employees,Vitalis Pharma,289379.8,MOBILE_MONEY
KE-2401934,17/04/2024,MOFA,Ministry of Family Affairs,2210301,Domestic travel,Modern Office Systems,4365.98,MOBILE_MONEY
KE-2401935,11/01/2024,MOH,Ministry of Health,2211110,Maternity supplies and delivery kits,MediPlus Distributors,221723.78,MOBILE_MONEY
KE-2401936,22/06/2024,MOF,Ministry of Finance,2211102,Contraceptives and family planning commodities,Highlands Print Works,1945.86,CHEQUE
KE-2401937,15/06/2024,MOFA,Ministry of Family Affairs,2211199,General medical consumables,SafeWater Kenya,175106.42,BANK_TRANSFER
KE-2401938,08/05/2024,MOI,Ministry of Interior,2210201,Communication supplies,Modern Office Systems,547284.23,CHEQUE
KE-2401939,21/10/2023,MOFA,Ministry of Family Affairs,2211308,Youth SRH counselling services,TechnoServ Africa,313534.96,MOBILE_MONEY
KE-2401940,17/11/2023,MOI,Ministry of Interior,2211199,General medical consumables,Modern Office Systems,174321.62,CHEQUE
KE-2401941,17/03/2024,MOH,Ministry of Health,2110101,Basic salaries - permanent employees,Vitalis Pharma,2445.91,MOBILE_MONEY
KE-2401942,25/03/2024,MOI,Ministry of Interior,2211103,Vaccines,Public Health Institute,23220.62,BANK_TRANSFER
KE-2401943,17/02/2024,MOFA,Ministry of Family Affairs,2210201,Communication supplies,Modern Office Systems,1617662.35,CHEQUE
KE-2401944,06/04/2024,MOH,Ministry of Health,2211105,HIV test kits and ARVs,NextGen IT,882665.99,MOBILE_MONEY
KE-2401945,13/05/2024,MOI,Ministry of Interior,2211102,Contraceptives and family planning commodities,BuildRight Contractors,719205.33,MOBILE_MONEY
KE-2401946,28/03/2024,MOFA,Ministry of Family Affairs,2211501,Refined fuels,Regional Bank Services,861901.72,CHEQUE
KE-2401947,20/06/2024,MOF,Ministry of Finance,2211407,Cleaning and fumigation - health facilities,Sunrise Cleaning Services,130433.62,MOBILE_MONEY
KE-2401948,29/03/2024,MOH,Ministry of Health,2110101,Basic salaries - permanent employees,Care Foundation,13186.36,MOBILE_MONEY
KE-2401949,16/04/2024,MOE,Ministry of Education,2110101,Basic salaries - permanent employees,TransAfrica Logistics,2132278.78,MOBILE_MONEY
KE-2401950,22/07/2023,MOI,Ministry of Interior,2211105,HIV test kits and ARVs,TechnoServ Africa,759532.69,BANK_TRANSFER
KE-2401951,07/07/2023,MOH,Ministry of Health,2211103,Vaccines,Care Foundation,5910.18,CHEQUE
KE-2401952,02/08/2023,MOFA,Ministry of Family Affairs,2211110,Maternity supplies and delivery kits,Vitalis Pharma,1981235.54,CHEQUE
KE-2401953,31/08/2023,MOE,Ministry of Education,2211103,Vaccines,Vitalis Pharma,71977.19,CHEQUE
KE-2401954,27/06/2024,MOF,Ministry of Finance,2211101,Medical drugs,TransAfrica Logistics,8652.29,BANK_TRANSFER
KE-2401955,12/05/2024,MOH,Ministry of Health,2211511,Printing and stationery,TechnoServ Africa,30472.7,CHEQUE
KE-2401956,07/01/2024,MOH,Ministry of Health,2211306,ANTENATAL OUTREACH SERVICES,United Diagnostics,263977.88,CHEQUE
KE-2401957,07/06/2024,MOI,Ministry of Interior,2211501,refined fuels,Public Health Institute,33217.89,MOBILE_MONEY
KE-2401958,11/02/2024,MOFA,Ministry of Family Affairs,2211105,HIV test kits and ARVs,GreenLeaf Consultancy,27664.03,BANK_TRANSFER
KE-2401959,13/09/2023,MOI,Ministry of Interior,2211511,Printing and stationery,Sunrise Cleaning Services,153776.19,BANK_TRANSFER
KE-2401960,03/04/2024,MOI,Ministry of Interior,2110101,Basic salaries - permanent employees,SafeWater Kenya,1155.23,CHEQUE
KE-2401961,11/08/2023,MOE,Ministry of Education,3110101,Construction of buildings - health facilities,Vitalis Pharma,813761.13,BANK_TRANSFER
KE-2401962,16/10/2023,MOH,Ministry of Health,2211320,Cervical cancer screening,GreenLeaf Consultancy,7193.15,CHEQUE
KE-2401963,16/07/2023,MOI,Ministry of Interior,2110101,Basic salaries - permanent employees,PharmaWest Africa,1849096.08,CHEQUE
KE-2401964,19/01/2024,MOE,Ministry of Education,3110101,Construction of buildings - health facilities,NextGen IT,6034.65,MOBILE_MONEY
KE-2401965,28/06/2024,MOF,Ministry of Finance,2211105,HIV test kits and ARVs,SafeWater Kenya,967782.77,BANK_TRANSFER
KE-2401966,02/05/2024,MOE,Ministry of Education,3110101,Construction of buildings - health facilities,Sunrise Cleaning Services,96287.1,CHEQUE
KE-2401967,06/09/2023,MOI,Ministry of Interior,2211102,contraceptives and family planning commodities,MedSupplies Ltd,34892.68,BANK_TRANSFER
KE-2401968,14/02/2024,MOI,Ministry of Interior,2210301,Domestic travel,MedSupplies Ltd,333496.5,MOBILE_MONEY
KE-2401969,18/01/2024,MOI,Ministry of Interior,2211103,Vaccines,Vitalis Pharma,48193.31,MOBILE_MONEY
KE-2401970,24/07/2023,MOE,Ministry of Education,2211103,Vaccines,SafeWater Kenya,1137463.79,BANK_TRANSFER
KE-2401971,17/03/2024,MOE,Ministry of Education,2211102,Contraceptives and family planning commodities,Sunrise Cleaning Services,7102.95,MOBILE_MONEY
KE-2401972,14/05/2024,MOE,Ministry of Education,3110701,Purchase of vehicles - ambulances,MedSupplies Ltd,61270.04,BANK_TRANSFER
KE-2401973,27/11/2023,MOF,Ministry of Finance,3110701,Purchase of vehicles - ambulances,MediPlus Distributors,77238.25,BANK_TRANSFER
KE-2401974,30/12/2023,MOI,Ministry of Interior,2211320,Cervical cancer screening,Regional Bank Services,1500.15,BANK_TRANSFER
KE-2401975,20/08/2023,MOFA,Ministry of Family Affairs,2211320,CERVICAL CANCER SCREENING,Care Foundation,1229230.18,MOBILE_MONEY
KE-2401976,09/02/2024,MOH,Ministry of Health,2210201,Communication supplies,MediPlus Distributors,317631.65,CHEQUE
KE-2401977,20/08/2023,MOFA,Ministry of Family Affairs,3110701,Purchase of vehicles - ambulances,TransAfrica Logistics,159523.82,BANK_TRANSFER
KE-2401978,24/08/2023,MOFA,Ministry of Family Affairs,2211101,Medical drugs,GreenLeaf Consultancy,318443.95,MOBILE_MONEY
KE-2401979,22/09/2023,MOI,Ministry of Interior,2211305,Immunisation outreach,TechnoServ Africa,142520.2,MOBILE_MONEY
KE-2401980,21/07/2023,MOF,Ministry of Finance,2211407,cleaning and fumigation - health facilities,BuildRight Contractors,1714929.94,BANK_TRANSFER
KE-2401981,13/10/2023,MOH,Ministry of Health,3110101,Construction of buildings - health facilities,SafeWater Kenya,4073.27,BANK_TRANSFER
KE-2401982,16/12/2023,MOFA,Ministry of Family Affairs,2211306,Antenatal outreach services,TechnoServ Africa,54624.98,CHEQUE
KE-2401983,23/07/2023,MOE,Ministry of Education,2211404,SGBV survivor support services,Public Health Institute,7265.52,MOBILE_MONEY
KE-2401984,10/06/2024,MOFA,Ministry of Family Affairs,2211404,SGBV survivor support services,MediPlus Distributors,1175135.68,CHEQUE
KE-2401985,14/02/2024,MOE,Ministry of Education,2211101,Medical drugs,Vitalis Pharma,745485.97,BANK_TRANSFER
KE-2401986,31/10/2023,MOF,Ministry of Finance,2211306,Antenatal outreach services,Highlands Print Works,625692.78,BANK_TRANSFER
KE-2401987,30/11/2023,MOI,Ministry of Interior,2211501,Refined fuels,GreenLeaf Consultancy,8782.47,CHEQUE
KE-2401988,23/11/2023,MOFA,Ministry of Family Affairs,2211103,Vaccines,SafeWater Kenya,12551.67,CHEQUE
KE-2401989,07/11/2023,MOE,Ministry of Education,2211201,Laboratory reagents,United Diagnostics,17089.85,MOBILE_MONEY
KE-2401990,19/04/2024,MOF,Ministry of Finance,2210201,COMMUNICATION SUPPLIES,TechnoServ Africa,3448.34,BANK_TRANSFER
KE-2401991,21/05/2024,MOH,Ministry of Health,2211201,LABORATORY REAGENTS,MediPlus Distributors,59554.8,CHEQUE
KE-2401992,15/01/2024,MOI,Ministry of Interior,2211308,Youth SRH counselling services,United Diagnostics,168783.86,MOBILE_MONEY
KE-2401993,22/09/2023,MOF,Ministry of Finance,2210301,Domestic travel,SafeWater Kenya,128658.34,BANK_TRANSFER
KE-2401994,13/05/2024,MOI,Ministry of Interior,2211407,Cleaning and fumigation - health facilities,United Diagnostics,1037372.16,CHEQUE
KE-2401995,21/07/2023,MOH,Ministry of Health,2211102,Contraceptives and family planning commodities,Nile Motors,8896.88,MOBILE_MONEY
KE-2401996,03/05/2024,MOF,Ministry of Finance,2211404,SGBV survivor support services,PharmaWest Africa,136232.31,CHEQUE
KE-2401997,22/09/2023,MOH,Ministry of Health,2211407,Cleaning and fumigation - health facilities,GreenLeaf Consultancy,2010617.28,CHEQUE
KE-2401998,01/09/2023,MOE,Ministry of Education,2211110,Maternity supplies and delivery kits,Modern Office Systems,95331.13,CHEQUE
KE-2401999,29/10/2023,MOF,Ministry of Finance,2211501,Refined fuels,SafeWater Kenya,903179.05,BANK_TRANSFER
KE-2402000,18/12/2023,MOI,Ministry of Interior,2211101,medical drugs,MediPlus Distributors,30520.66,CHEQUE
KE-2402001,07/06/2024,MOF,Ministry of Finance,2110101,Basic salaries - permanent employees,TransAfrica Logistics,107711.08,BANK_TRANSFER
KE-2402002,22/03/2024,MOFA,Ministry of Family Affairs,2211501,Refined fuels,BuildRight Contractors,6557.0,MOBILE_MONEY
KE-2402003,15/08/2023,MOE,Ministry of Education,3110701,Purchase of vehicles - ambulances,Modern Office Systems,30292.47,MOBILE_MONEY
KE-2402004,12/01/2024,MOE,Ministry of Education,2211306,Antenatal outreach services,SafeWater Kenya,125760.27,MOBILE_MONEY
KE-2402005,05/11/2023,MOI,Ministry of Interior,2211511,Printing and stationery,Vitalis Pharma,6483.99,BANK_TRANSFER
KE-2402006,29/12/2023,MOH,Ministry of Health,2211110,Maternity supplies and delivery kits,Nile Motors,28811.75,CHEQUE
KE-2402007,15/10/2023,MOH,Ministry of Health,2210301,Domestic travel,PharmaWest Africa,1913593.55,CHEQUE
KE-2402008,29/12/2023,MOFA,Ministry of Family Affairs,2211110,Maternity supplies and delivery kits,Vitalis Pharma,802274.26,CHEQUE
KE-2402009,09/01/2024,MOI,Ministry of Interior,3110101,Construction of buildings - health facilities,Regional Bank Services,1475.59,BANK_TRANSFER
KE-2402010,02/11/2023,MOFA,Ministry of Family Affairs,2211501,Refined fuels,Vitalis Pharma,7192.24,MOBILE_MONEY
KE-2402011,10/03/2024,MOI,Ministry of Interior,2211404,SGBV survivor support services,PharmaWest Africa,1906.18,MOBILE_MONEY
KE-2402012,22/11/2023,MOE,Ministry of Education,2211308,Youth SRH counselling services,MedSupplies Ltd,1879.28,CHEQUE
KE-2402013,09/07/2023,MOH,Ministry of Health,2211501,Refined fuels,BuildRight Contractors,121145.04,CHEQUE
KE-2402014,22/08/2023,MOH,Ministry of Health,3110101,Construction of buildings - health facilities,Sunrise Cleaning Services,900.93,MOBILE_MONEY
KE-2402015,20/02/2024,MOE,Ministry of Education,2211110,MATERNITY SUPPLIES AND DELIVERY KITS,MediPlus Distributors,94687.01,MOBILE_MONEY
KE-2402016,27/04/2024,MOI,Ministry of Interior,2211105,HIV test kits and ARVs,Vitalis Pharma,346033.09,BANK_TRANSFER
KE-2402017,24/04/2024,MOF,Ministry of Finance,2211306,Antenatal outreach services,Sunrise Cleaning Services,307552.74,MOBILE_MONEY
KE-2402018,17/11/2023,MOI,Ministry of Interior,2211404,SGBV survivor support services,Highlands Print Works,99539.85,CHEQUE
KE-2402019,12/07/2023,MOF,Ministry of Finance,2110101,Basic salaries - permanent employees,Care Foundation,590991.08,BANK_TRANSFER
KE-2402020,16/05/2024,MOE,Ministry of Education,2210201,Communication supplies,Nile Motors,19733.68,CHEQUE
KE-2402021,30/06/2024,MOE,Ministry of Education,2211101,Medical drugs,NextGen IT,866142.15,BANK_TRANSFER
KE-2402022,05/09/2023,MOH,Ministry of Health,2110101,Basic salaries - permanent employees,MediPlus Distributors,290400.73,CHEQUE
KE-2402023,29/06/2024,MOI,Ministry of Interior,2211305,Immunisation outreach,NextGen IT,13326.92,MOBILE_MONEY
KE-2402024,14/07/2023,MOFA,Ministry of Family Affairs,2210301,domestic travel,GreenLeaf Consultancy,2647.24,BANK_TRANSFER
KE-2402025,02/11/2023,MOF,Ministry of Finance,2211201,Laboratory reagents,Highlands Print Works,2306.17,CHEQUE
KE-2402026,03/02/2024,MOFA,Ministry of Family Affairs,2211320,Cervical cancer screening,Nile Motors,1967745.96,CHEQUE
KE-2402027,07/03/2024,MOF,Ministry of Finance,2211103,Vaccines,SafeWater Kenya,848748.58,CHEQUE
KE-2402028,24/07/2023,MOF,Ministry of Finance,2211511,Printing and stationery,TransAfrica Logistics,16483.38,MOBILE_MONEY
KE-2402029,23/06/2024,MOE,Ministry of Education,2211199,General medical consumables,MedSupplies Ltd,8858.56,CHEQUE
KE-2402030,11/11/2023,MOE,Ministry of Education,2211105,HIV test kits and ARVs,PharmaWest Africa,1401656.7,BANK_TRANSFER
KE-2402031,22/11/2023,MOFA,Ministry of Family Affairs,2211511,Printing and stationery,NextGen IT,784190.91,CHEQUE
KE-2402032,12/01/2024,MOFA,Ministry of Family Affairs,2211103,Vaccines,MedSupplies Ltd,120415.86,BANK_TRANSFER
KE-2402033,11/10/2023,MOF,Ministry of Finance,2211404,sgbv survivor support services,Public Health Institute,7377.55,BANK_TRANSFER
KE-2402034,12/07/2023,MOF,Ministry of Finance,2110101,basic salaries - permanent employees,BuildRight Contractors,1119464.99,CHEQUE
KE-2402035,28/06/2024,MOF,Ministry of Finance,2211404,SGBV survivor support services,Sunrise Cleaning Services,1429640.68,MOBILE_MONEY
KE-2402036,20/07/2023,MOH,Ministry of Health,2211407,cleaning and fumigation - health facilities,PharmaWest Africa,366363.78,MOBILE_MONEY
KE-2402037,08/09/2023,MOI,Ministry of Interior,2211110,Maternity supplies and delivery kits,Vitalis Pharma,8926.68,BANK_TRANSFER
KE-2402038,25/11/2023,MOF,Ministry of Finance,2110101,BASIC SALARIES - PERMANENT EMPLOYEES,Vitalis Pharma,203649.29,MOBILE_MONEY
KE-2402039,17/03/2024,MOFA,Ministry of Family Affairs,2211320,Cervical cancer screening,United Diagnostics,6882.52,MOBILE_MONEY
KE-2402040,28/08/2023,MOFA,Ministry of Family Affairs,2211110,Maternity supplies and delivery kits,GreenLeaf Consultancy,1984912.09,CHEQUE
KE-2402041,20/04/2024,MOI,Ministry of Interior,2211102,contraceptives and family planning commodities,Nile Motors,302293.27,BANK_TRANSFER
KE-2402042,13/03/2024,MOE,Ministry of Education,2211404,SGBV survivor support services,TechnoServ Africa,1265134.62,BANK_TRANSFER
KE-2402043,23/11/2023,MOFA,Ministry of Family Affairs,2211103,Vaccines,GreenLeaf Consultancy,1607.05,CHEQUE
KE-2402044,19/04/2024,MOE,Ministry of Education,2211404,SGBV survivor support services,SafeWater Kenya,103879.85,BANK_TRANSFER
KE-2402045,14/04/2024,MOE,Ministry of Education,2211305,Immunisation outreach,Public Health Institute,4069.42,CHEQUE
KE-2402046,10/01/2024,MOI,Ministry of Interior,2211105,hiv test kits and arvs,Sunrise Cleaning Services,131650.9,CHEQUE
KE-2402047,25/01/2024,MOF,Ministry of Finance,3110701,Purchase of vehicles - ambulances,GreenLeaf Consultancy,2501.42,CHEQUE
KE-2402048,22/09/2023,MOF,Ministry of Finance,2211103,vaccines,GreenLeaf Consultancy,761829.2,MOBILE_MONEY
KE-2402049,06/07/2023,MOE,Ministry of Education,3110701,Purchase of vehicles - ambulances,TransAfrica Logistics,29006.63,BANK_TRANSFER
KE-2402050,04/07/2023,MOFA,Ministry of Family Affairs,2211404,SGBV survivor support services,BuildRight Contractors,598521.57,BANK_TRANSFER
KE-2402051,06/07/2023,MOI,Ministry of Interior,2211407,Cleaning and fumigation - health facilities,United Diagnostics,114476.0,BANK_TRANSFER
KE-2402052,21/05/2024,MOH,Ministry of Health,2211407,CLEANING AND FUMIGATION - HEALTH FACILITIES,Highlands Print Works,1073.16,CHEQUE
KE-2402053,12/04/2024,MOH,Ministry of Health,2211407,Cleaning and fumigation - health facilities,Highlands Print Works,132076.88,MOBILE_MONEY
KE-2402054,04/06/2024,MOFA,Ministry of Family Affairs,2211199,General medical consumables,TransAfrica Logistics,3001.22,BANK_TRANSFER
KE-2402055,03/04/2024,MOE,Ministry of Education,2211102,Contraceptives and family planning commodities,MedSupplies Ltd,666989.7,MOBILE_MONEY
KE-2402056,16/08/2023,MOE,Ministry of Education,2211501,Refined fuels,Modern Office Systems,264214.01,BANK_TRANSFER
KE-2402057,23/04/2024,MOI,Ministry of Interior,2210201,Communication supplies,United Diagnostics,853434.23,BANK_TRANSFER
KE-2402058,10/09/2023,MOI,Ministry of Interior,3110701,Purchase of vehicles - ambulances,Vitalis Pharma,,BANK_TRANSFER
KE-2402059,09/03/2024,MOI,Ministry of Interior,2211105,HIV test kits and ARVs,United Diagnostics,138053.47,CHEQUE
KE-2402060,07/10/2023,MOH,Ministry of Health,2210201,COMMUNICATION SUPPLIES,Public Health Institute,1950037.69,BANK_TRANSFER
KE-2402061,07/06/2024,MOF,Ministry of Finance,2211110,Maternity supplies and delivery kits,SafeWater Kenya,87771.48,MOBILE_MONEY
KE-2402062,12/05/2024,MOE,Ministry of Education,2211102,Contraceptives and family planning commodities,Modern Office Systems,183089.7,BANK_TRANSFER
KE-2402063,11/11/2023,MOI,Ministry of Interior,3110101,Construction of buildings - health facilities,Modern Office Systems,34620.81,MOBILE_MONEY
KE-2402064,24/03/2024,MOI,Ministry of Interior,2211320,Cervical cancer screening,Highlands Print Works,99008.58,BANK_TRANSFER
KE-2402065,31/01/2024,MOF,Ministry of Finance,2211306,Antenatal outreach services,Public Health Institute,1215.95,CHEQUE
KE-2402066,03/10/2023,MOF,Ministry of Finance,2211105,HIV test kits and ARVs,Vitalis Pharma,17273.49,CHEQUE
KE-2402067,14/02/2024,MOH,Ministry of Health,2211501,Refined fuels,Vitalis Pharma,91118.31,BANK_TRANSFER
KE-2402068,21/03/2024,MOFA,Ministry of Family Affairs,2211199,General medical consumables,TransAfrica Logistics,,BANK_TRANSFER
KE-2402069,24/11/2023,MOF,Ministry of Finance,2211306,Antenatal outreach services,TransAfrica Logistics,108808.09,BANK_TRANSFER
KE-2402070,10/05/2024,MOFA,Ministry of Family Affairs,2211102,Contraceptives and family planning commodities,Highlands Print Works,31009.97,MOBILE_MONEY
KE-2402071,01/10/2023,MOF,Ministry of Finance,2211308,Youth SRH counselling services,MediPlus Distributors,5888.7,MOBILE_MONEY
KE-2402072,04/02/2024,MOE,Ministry of Education,2211511,Printing and stationery,Highlands Print Works,66167.25,BANK_TRANSFER
KE-2402073,15/05/2024,MOH,Ministry of Health,2211110,maternity supplies and delivery kits,Highlands Print Works,17562.52,CHEQUE
KE-2402074,18/02/2024,MOH,Ministry of Health,2211305,IMMUNISATION OUTREACH,MedSupplies Ltd,7422.05,BANK_TRANSFER
KE-2402075,15/11/2023,MOF,Ministry of Finance,2211404,SGBV survivor support services,NextGen IT,2187.58,BANK_TRANSFER
KE-2402076,02/01/2024,MOH,Ministry of Health,2211308,Youth SRH counselling services,Sunrise Cleaning Services,2044490.79,CHEQUE
KE-2402077,27/07/2023,MOF,Ministry of Finance,2211501,Refined fuels,Nile Motors,56878.8,MOBILE_MONEY
KE-2402078,30/11/2023,MOH,Ministry of Health,2211407,Cleaning and fumigation - health facilities,Nile Motors,264947.61,MOBILE_MONEY
KE-2402079,25/10/2023,MOH,Ministry of Health,2211511,Printing and stationery,GreenLeaf Consultancy,2440.24,BANK_TRANSFER
KE-2402080,25/10/2023,MOI,Ministry of Interior,2211501,REFINED FUELS,Public Health Institute,8940.1,BANK_TRANSFER
KE-2402081,14/03/2024,MOF,Ministry of Finance,2211105,HIV test kits and ARVs,GreenLeaf Consultancy,13211.45,CHEQUE
KE-2402082,09/02/2024,MOF,Ministry of Finance,2211201,Laboratory reagents,Vitalis Pharma,17664.81,BANK_TRANSFER
KE-2402083,24/04/2024,MOI,Ministry of Interior,2211103,Vaccines,MedSupplies Ltd,2064.51,MOBILE_MONEY
KE-2402084,04/10/2023,MOE,Ministry of Education,2211105,HIV test kits and ARVs,MediPlus Distributors,12811.75,CHEQUE
KE-2402085,18/01/2024,MOF,Ministry of Finance,2211105,HIV test kits and ARVs,MedSupplies Ltd,35768.49,BANK_TRANSFER
KE-2402086,14/09/2023,MOFA,Ministry of Family Affairs,2211501,Refined fuels,Nile Motors,3611.57,BANK_TRANSFER
KE-2402087,26/02/2024,MOI,Ministry of Interior,2211511,Printing and stationery,GreenLeaf Consultancy,280739.6,MOBILE_MONEY
KE-2402088,12/07/2023,MOI,Ministry of Interior,2211110,Maternity supplies and delivery kits,PharmaWest Africa,1718462.64,BANK_TRANSFER
KE-2402089,11/07/2023,MOE,Ministry of Education,2211308,Youth SRH counselling services,GreenLeaf Consultancy,97233.72,CHEQUE
KE-2402090,02/02/2024,MOI,Ministry of Interior,2210301,Domestic travel,United Diagnostics,1283.71,MOBILE_MONEY
KE-2402091,20/01/2024,MOF,Ministry of Finance,2211201,Laboratory reagents,Public Health Institute,585440.55,CHEQUE
KE-2402092,18/05/2024,MOE,Ministry of Education,3110101,Construction of buildings - health facilities,Public Health Institute,178095.87,CHEQUE
KE-2402093,17/06/2024,MOF,Ministry of Finance,2211501,refined fuels,United Diagnostics,93897.85,BANK_TRANSFER
KE-2402094,17/09/2023,MOH,Ministry of Health,2211103,Vaccines,NextGen IT,630646.86,CHEQUE
KE-2402095,26/08/2023,MOH,Ministry of Health,2211407,Cleaning and fumigation - health facilities,MedSupplies Ltd,92142.0,BANK_TRANSFER
KE-2402096,01/02/2024,MOI,Ministry of Interior,2211101,Medical drugs,PharmaWest Africa,1503585.38,CHEQUE
KE-2402097,03/01/2024,MOFA,Ministry of Family Affairs,2211407,Cleaning and fumigation - health facilities,Highlands Print Works,2014370.28,CHEQUE
KE-2402098,20/01/2024,MOE,Ministry of Education,2211201,Laboratory reagents,Public Health Institute,35252.93,CHEQUE
KE-2402099,18/11/2023,MOH,Ministry of Health,2211305,Immunisation outreach,NextGen IT,3715.85,BANK_TRANSFER
KE-2402100,12/10/2023,MOH,Ministry of Health,2210201,Communication supplies,United Diagnostics,133403.32,BANK_TRANSFER
KE-2402101,06/05/2024,MOE,Ministry of Education,3110701,Purchase of vehicles - ambulances,United Diagnostics,355215.3,CHEQUE
KE-2402102,19/01/2024,MOI,Ministry of Interior,2211511,Printing and stationery,Care Foundation,18165.74,CHEQUE
KE-2402103,03/12/2023,MOH,Ministry of Health,2211201,Laboratory reagents,SafeWater Kenya,1356.07,CHEQUE
KE-2402104,09/02/2024,MOH,Ministry of Health,2211199,General medical consumables,NextGen IT,1709.44,CHEQUE
KE-2402105,21/09/2023,MOF,Ministry of Finance,2110101,Basic salaries - permanent employees,GreenLeaf Consultancy,122262.25,BANK_TRANSFER
KE-2402106,30/11/2023,MOI,Ministry of Interior,2211407,Cleaning and fumigation - health facilities,Vitalis Pharma,1333.32,CHEQUE
KE-2402107,05/12/2023,MOI,Ministry of Interior,2211110,Maternity supplies and delivery kits,BuildRight Contractors,4550.79,BANK_TRANSFER
KE-2402108,13/09/2023,MOE,Ministry of Education,2211102,Contraceptives and family planning commodities,Highlands Print Works,491951.8,BANK_TRANSFER
KE-2402109,17/10/2023,MOI,Ministry of Interior,2211110,Maternity supplies and delivery kits,TransAfrica Logistics,232788.77,CHEQUE
KE-2402110,08/10/2023,MOFA,Ministry of Family Affairs,2211199,General medical consumables,MediPlus Distributors,2660.67,CHEQUE
KE-2402111,08/02/2024,MOE,Ministry of Education,2210301,DOMESTIC TRAVEL,BuildRight Contractors,-15056.04,CHEQUE
KE-2402112,22/02/2024,MOF,Ministry of Finance,3110101,Construction of buildings - health facilities,SafeWater Kenya,1463.13,MOBILE_MONEY
KE-2402113,16/11/2023,MOI,Ministry of Interior,2211511,Printing and stationery,TransAfrica Logistics,8555.48,CHEQUE
KE-2402114,22/03/2024,MOH,Ministry of Health,2211110,Maternity supplies and delivery kits,Public Health Institute,31932.89,CHEQUE
KE-2402115,05/10/2023,MOF,Ministry of Finance,2211110,Maternity supplies and delivery kits,United Diagnostics,,CHEQUE
KE-2402116,14/01/2024,MOH,Ministry of Health,3110101,Construction of buildings - health facilities,Modern Office Systems,895068.5,BANK_TRANSFER
KE-2402117,01/10/2023,MOE,Ministry of Education,2211103,VACCINES,GreenLeaf Consultancy,82131.72,MOBILE_MONEY
KE-2402118,21/04/2024,MOFA,Ministry of Family Affairs,2211308,Youth SRH counselling services,Care Foundation,-322574.63,CHEQUE
KE-2402119,05/08/2023,MOFA,Ministry of Family Affairs,2211103,Vaccines,Regional Bank Services,4301.55,MOBILE_MONEY
KE-2402120,27/11/2023,MOH,Ministry of Health,2211101,medical drugs,TransAfrica Logistics,2514.62,CHEQUE
KE-2402121,11/04/2024,MOFA,Ministry of Family Affairs,2211308,Youth SRH counselling services,PharmaWest Africa,17397.88,MOBILE_MONEY
KE-2402122,25/09/2023,MOI,Ministry of Interior,2210301,Domestic travel,MediPlus Distributors,786783.16,CHEQUE
KE-2402123,17/12/2023,MOE,Ministry of Education,2210201,Communication supplies,GreenLeaf Consultancy,640246.66,BANK_TRANSFER
KE-2402124,28/05/2024,MOE,Ministry of Education,2211407,Cleaning and fumigation - health facilities,Modern Office Systems,2233.28,CHEQUE
KE-2402125,10/06/2024,MOE,Ministry of Education,2211308,Youth SRH counselling services,MedSupplies Ltd,7794.4,MOBILE_MONEY
KE-2402126,26/02/2024,MOI,Ministry of Interior,3110701,Purchase of vehicles - ambulances,Regional Bank Services,90709.19,BANK_TRANSFER
KE-2402127,05/01/2024,MOFA,Ministry of Family Affairs,2211320,Cervical cancer screening,Nile Motors,5157.17,CHEQUE
KE-2402128,25/02/2024,MOI,Ministry of Interior,2211103,VACCINES,PharmaWest Africa,361648.46,BANK_TRANSFER
KE-2402129,16/03/2024,MOFA,Ministry of Family Affairs,2211102,Contraceptives and family planning commodities,Public Health Institute,1217.18,CHEQUE
KE-2402130,21/08/2023,MOH,Ministry of Health,2211110,Maternity supplies and delivery kits,TechnoServ Africa,8251.57,BANK_TRANSFER
KE-2402131,21/02/2024,MOH,Ministry of Health,2211320,Cervical cancer screening,Public Health Institute,2626.28,CHEQUE
KE-2402132,28/07/2023,MOFA,Ministry of Family Affairs,2211407,Cleaning and fumigation - health facilities,Highlands Print Works,87644.42,MOBILE_MONEY
KE-2402133,10/08/2023,MOE,Ministry of Education,2211305,Immunisation outreach,Sunrise Cleaning Services,1886118.89,MOBILE_MONEY
KE-2402134,05/03/2024,MOI,Ministry of Interior,2211306,Antenatal outreach services,PharmaWest Africa,1518.06,CHEQUE
KE-2402135,19/04/2024,MOF,Ministry of Finance,2211201,Laboratory reagents,TransAfrica Logistics,650236.24,CHEQUE
KE-2402136,27/03/2024,MOFA,Ministry of Family Affairs,2211404,SGBV survivor support services,BuildRight Contractors,629956.88,BANK_TRANSFER
KE-2402137,07/11/2023,MOF,Ministry of Finance,2211511,Printing and stationery,SafeWater Kenya,2423.66,CHEQUE
KE-2402138,21/07/2023,MOFA,Ministry of Family Affairs,2211305,Immunisation outreach,Highlands Print Works,,CHEQUE
KE-2402139,16/12/2023,MOF,Ministry of Finance,2211511,Printing and stationery,Highlands Print Works,501206.23,MOBILE_MONEY
KE-2402140,14/08/2023,MOF,Ministry of Finance,2211105,HIV TEST KITS AND ARVS,Regional Bank Services,103974.0,MOBILE_MONEY
KE-2402141,05/03/2024,MOI,Ministry of Interior,2211511,Printing and stationery,Vitalis Pharma,337934.44,CHEQUE
KE-2402142,30/08/2023,MOFA,Ministry of Family Affairs,2211103,Vaccines,Public Health Institute,6852.25,BANK_TRANSFER
KE-2402143,17/10/2023,MOE,Ministry of Education,2211101,Medical drugs,Sunrise Cleaning Services,32453.84,BANK_TRANSFER
KE-2402144,13/05/2024,MOH,Ministry of Health,2211320,Cervical cancer screening,Public Health Institute,2313.95,BANK_TRANSFER
KE-2402145,11/09/2023,MOI,Ministry of Interior,2211101,Medical drugs,NextGen IT,16266.22,MOBILE_MONEY
KE-2402146,11/03/2024,MOI,Ministry of Interior,2211102,Contraceptives and family planning commodities,MedSupplies Ltd,3399.56,MOBILE_MONEY
KE-2402147,09/04/2024,MOE,Ministry of Education,2211110,Maternity supplies and delivery kits,MedSupplies Ltd,94688.92,CHEQUE
KE-2402148,04/11/2023,MOFA,Ministry of Family Affairs,2211110,Maternity supplies and delivery kits,MediPlus Distributors,17785.4,BANK_TRANSFER
KE-2402149,30/10/2023,MOH,Ministry of Health,2211103,Vaccines,MedSupplies Ltd,7984.76,MOBILE_MONEY
KE-2402150,11/09/2023,MOI,Ministry of Interior,2211407,Cleaning and fumigation - health facilities,Vitalis Pharma,8289.85,CHEQUE
KE-2402151,18/03/2024,MOI,Ministry of Interior,2211306,Antenatal outreach services,TransAfrica Logistics,48506.83,BANK_TRANSFER
KE-2402152,08/09/2023,MOFA,Ministry of Family Affairs,2211110,Maternity supplies and delivery kits,Care Foundation,34616.47,BANK_TRANSFER
KE-2402153,14/11/2023,MOI,Ministry of Interior,2211407,Cleaning and fumigation - health facilities,Regional Bank Services,134559.37,CHEQUE
KE-2402154,07/12/2023,MOH,Ministry of Health,2211305,Immunisation outreach,MedSupplies Ltd,65647.69,BANK_TRANSFER
KE-2402155,05/09/2023,MOFA,Ministry of Family Affairs,2211110,maternity supplies and delivery kits,Modern Office Systems,1611.44,MOBILE_MONEY
KE-2402156,09/06/2024,MOE,Ministry of Education,2211201,Laboratory reagents,MedSupplies Ltd,133072.95,MOBILE_MONEY
KE-2402157,11/03/2024,MOF,Ministry of Finance,2211407,cleaning and fumigation - health facilities,MedSupplies Ltd,1335247.99,BANK_TRANSFER
KE-2402158,11/06/2024,MOI,Ministry of Interior,2211102,Contraceptives and family planning commodities,TechnoServ Africa,275837.29,BANK_TRANSFER
KE-2402159,21/12/2023,MOF,Ministry of Finance,2211308,Youth SRH counselling services,BuildRight Contractors,645627.35,BANK_TRANSFER
KE-2402160,06/04/2024,MOE,Ministry of Education,2210201,Communication supplies,Regional Bank Services,33094.29,BANK_TRANSFER
KE-2402161,23/01/2024,MOF,Ministry of Finance,2211201,Laboratory reagents,TransAfrica Logistics,186972.71,MOBILE_MONEY
KE-2402162,20/04/2024,MOF,Ministry of Finance,2211105,HIV test kits and ARVs,SafeWater Kenya,189122.28,BANK_TRANSFER
KE-2402163,14/09/2023,MOF,Ministry of Finance,2211501,Refined fuels,SafeWater Kenya,33938.02,MOBILE_MONEY
KE-2402164,05/10/2023,MOF,Ministry of Finance,3110101,Construction of buildings - health facilities,GreenLeaf Consultancy,6842.85,MOBILE_MONEY
KE-2402165,22/01/2024,MOFA,Ministry of Family Affairs,2211103,Vaccines,Sunrise Cleaning Services,19691.9,BANK_TRANSFER
KE-2402166,30/04/2024,MOFA,Ministry of Family Affairs,2110101,Basic salaries - permanent employees,Vitalis Pharma,1499521.84,BANK_TRANSFER
KE-2402167,11/08/2023,MOH,Ministry of Health,2211305,Immunisation outreach,Vitalis Pharma,120172.23,MOBILE_MONEY
KE-2402168,06/03/2024,MOF,Ministry of Finance,2211511,Printing and stationery,PharmaWest Africa,66586.93,BANK_TRANSFER
KE-2402169,04/09/2023,MOI,Ministry of Interior,2211320,CERVICAL CANCER SCREENING,Highlands Print Works,22266.73,MOBILE_MONEY
KE-2402170,01/09/2023,MOI,Ministry of Interior,3110101,Construction of buildings - health facilities,GreenLeaf Consultancy,1110294.93,CHEQUE
KE-2402171,14/02/2024,MOH,Ministry of Health,2210201,Communication supplies,MedSupplies Ltd,64509.38,BANK_TRANSFER
KE-2402172,21/02/2024,MOFA,Ministry of Family Affairs,2211501,Refined fuels,SafeWater Kenya,80750.2,CHEQUE
KE-2402173,26/11/2023,MOH,Ministry of Health,2210301,Domestic travel,Care Foundation,1531.52,CHEQUE
KE-2402174,29/01/2024,MOE,Ministry of Education,3110101,Construction of buildings - health facilities,BuildRight Contractors,6566.92,BANK_TRANSFER
KE-2402175,01/06/2024,MOFA,Ministry of Family Affairs,2210301,Domestic travel,SafeWater Kenya,23874.82,CHEQUE
KE-2402176,24/05/2024,MOE,Ministry of Education,2211102,Contraceptives and family planning commodities,Regional Bank Services,1003937.84,BANK_TRANSFER
KE-2402177,21/05/2024,MOFA,Ministry of Family Affairs,2210201,Communication supplies,TransAfrica Logistics,93173.45,CHEQUE
KE-2402178,06/10/2023,MOFA,Ministry of Family Affairs,2110101,Basic salaries - permanent employees,Sunrise Cleaning Services,7768.16,CHEQUE
KE-2402179,22/06/2024,MOF,Ministry of Finance,2211404,SGBV survivor support services,NextGen IT,602256.48,CHEQUE
KE-2402180,03/12/2023,MOE,Ministry of Education,3110701,Purchase of vehicles - ambulances,SafeWater Kenya,4730.97,BANK_TRANSFER
KE-2402181,11/11/2023,MOF,Ministry of Finance,2211306,Antenatal outreach services,Nile Motors,1123531.22,CHEQUE
KE-2402182,11/12/2023,MOH,Ministry of Health,2210201,Communication supplies,TechnoServ Africa,2100545.04,CHEQUE
KE-2402183,16/07/2023,MOI,Ministry of Interior,2211306,Antenatal outreach services,GreenLeaf Consultancy,1490863.25,BANK_TRANSFER
KE-2402184,18/07/2023,MOI,Ministry of Interior,2211199,General medical consumables,Sunrise Cleaning Services,302213.49,CHEQUE
KE-2402185,15/10/2023,MOE,Ministry of Education,2211404,SGBV survivor support services,Nile Motors,-804981.21,CHEQUE
KE-2402186,18/07/2023,MOE,Ministry of Education,2211306,Antenatal outreach services,MedSupplies Ltd,1812.41,MOBILE_MONEY
KE-2402187,26/07/2023,MOE,Ministry of Education,2211201,Laboratory reagents,Regional Bank Services,1170.9,MOBILE_MONEY
KE-2402188,24/11/2023,MOF,Ministry of Finance,2211501,Refined fuels,Highlands Print Works,790723.61,MOBILE_MONEY
KE-2402189,10/12/2023,MOI,Ministry of Interior,3110701,Purchase of vehicles - ambulances,BuildRight Contractors,33482.56,MOBILE_MONEY
KE-2402190,14/04/2024,MOE,Ministry of Education,2211306,Antenatal outreach services,TransAfrica Logistics,270097.3,MOBILE_MONEY
KE-2402191,29/06/2024,MOF,Ministry of Finance,2211305,Immunisation outreach,GreenLeaf Consultancy,1699.58,MOBILE_MONEY
KE-2402192,24/06/2024,MOE,Ministry of Education,2211306,Antenatal outreach services,SafeWater Kenya,65747.88,CHEQUE
KE-2402193,12/09/2023,MOI,Ministry of Interior,2210301,Domestic travel,Modern Office Systems,2014075.26,MOBILE_MONEY
KE-2402194,09/04/2024,MOF,Ministry of Finance,2211103,Vaccines,Care Foundation,785388.63,MOBILE_MONEY
KE-2402195,14/06/2024,MOFA,Ministry of Family Affairs,2211101,Medical drugs,Modern Office Systems,134743.92,MOBILE_MONEY
KE-2402196,26/01/2024,MOE,Ministry of Education,2211404,SGBV survivor support services,MediPlus Distributors,916179.65,MOBILE_MONEY
KE-2402197,21/03/2024,MOI,Ministry of Interior,2211105,HIV test kits and ARVs,Modern Office Systems,1531.5,BANK_TRANSFER
KE-2402198,13/01/2024,MOF,Ministry of Finance,2211305,Immunisation outreach,PharmaWest Africa,255449.66,MOBILE_MONEY
KE-2402199,27/01/2024,MOF,Ministry of Finance,2110101,Basic salaries - permanent employees,Modern Office Systems,175849.82,BANK_TRANSFER
KE-2402200,30/07/2023,MOF,Ministry of Finance,2211308,Youth SRH counselling services,Sunrise Cleaning Services,5133.77,MOBILE_MONEY
KE-2402201,17/01/2024,MOI,Ministry of Interior,2211407,Cleaning and fumigation - health facilities,TransAfrica Logistics,3165.35,MOBILE_MONEY
KE-2402202,09/03/2024,MOF,Ministry of Finance,2211320,Cervical cancer screening,Modern Office Systems,1114284.6,CHEQUE
KE-2402203,17/11/2023,MOH,Ministry of Health,2211201,Laboratory reagents,Highlands Print Works,775398.88,CHEQUE
KE-2402204,27/11/2023,MOE,Ministry of Education,2211110,Maternity supplies and delivery kits,Public Health Institute,271563.85,BANK_TRANSFER
KE-2402205,11/05/2024,MOI,Ministry of Interior,2211511,Printing and stationery,TechnoServ Africa,292281.32,CHEQUE
KE-2402206,30/10/2023,MOFA,Ministry of Family Affairs,2211102,Contraceptives and family planning commodities,Public Health Institute,132476.33,BANK_TRANSFER
KE-2402207,14/07/2023,MOE,Ministry of Education,3110101,Construction of buildings - health facilities,Nile Motors,923538.17,CHEQUE
KE-2402208,16/02/2024,MOF,Ministry of Finance,2210301,Domestic travel,PharmaWest Africa,6080.22,CHEQUE
KE-2402209,24/03/2024,MOI,Ministry of Interior,2211320,Cervical cancer screening,Sunrise Cleaning Services,108694.82,BANK_TRANSFER
KE-2402210,28/07/2023,MOH,Ministry of Health,2211101,Medical drugs,Sunrise Cleaning Services,28854.29,MOBILE_MONEY
KE-2402211,31/01/2024,MOFA,Ministry of Family Affairs,2211511,Printing and stationery,TechnoServ Africa,657851.4,CHEQUE
KE-2402212,29/12/2023,MOFA,Ministry of Family Affairs,3110701,purchase of vehicles - ambulances,TransAfrica Logistics,139406.67,CHEQUE
KE-2402213,09/09/2023,MOF,Ministry of Finance,2211308,Youth SRH counselling services,Regional Bank Services,2314.25,CHEQUE
KE-2402214,05/08/2023,MOH,Ministry of Health,2211102,Contraceptives and family planning commodities,Sunrise Cleaning Services,607004.99,CHEQUE
KE-2402215,11/08/2023,MOH,Ministry of Health,2210201,COMMUNICATION SUPPLIES,Sunrise Cleaning Services,5631.5,MOBILE_MONEY
KE-2402216,24/11/2023,MOE,Ministry of Education,2110101,Basic salaries - permanent employees,Public Health Institute,841804.52,MOBILE_MONEY
KE-2402217,19/11/2023,MOH,Ministry of Health,2211305,IMMUNISATION OUTREACH,GreenLeaf Consultancy,22330.21,BANK_TRANSFER
KE-2402218,22/12/2023,MOF,Ministry of Finance,2211105,HIV test kits and ARVs,Highlands Print Works,302248.66,CHEQUE
KE-2402219,26/06/2024,MOFA,Ministry of Family Affairs,2211501,Refined fuels,Sunrise Cleaning Services,1024315.84,MOBILE_MONEY
KE-2402220,02/09/2023,MOI,Ministry of Interior,2211404,SGBV survivor support services,Care Foundation,186745.23,MOBILE_MONEY
KE-2402221,29/11/2023,MOE,Ministry of Education,2211501,Refined fuels,Highlands Print Works,500374.73,BANK_TRANSFER
KE-2402222,12/09/2023,MOE,Ministry of Education,2211501,Refined fuels,Public Health Institute,3587.18,MOBILE_MONEY
KE-2402223,03/05/2024,MOFA,Ministry of Family Affairs,2211404,SGBV survivor support services,Sunrise Cleaning Services,2541.7,CHEQUE
KE-2402224,26/10/2023,MOE,Ministry of Education,2211105,hiv test kits and arvs,Public Health Institute,1563328.1,CHEQUE
KE-2402225,24/04/2024,MOH,Ministry of Health,2211407,Cleaning and fumigation - health facilities,Regional Bank Services,5550.42,MOBILE_MONEY
KE-2402226,22/06/2024,MOI,Ministry of Interior,2210301,Domestic travel,BuildRight Contractors,18730.92,CHEQUE
KE-2402227,02/07/2023,MOF,Ministry of Finance,2211201,Laboratory reagents,MedSupplies Ltd,18779.06,CHEQUE
KE-2402228,26/12/2023,MOI,Ministry of Interior,2211511,Printing and stationery,Care Foundation,528910.57,BANK_TRANSFER
KE-2402229,20/05/2024,MOFA,Ministry of Family Affairs,3110701,Purchase of vehicles - ambulances,United Diagnostics,6812.25,MOBILE_MONEY
KE-2402230,01/06/2024,MOFA,Ministry of Family Affairs,2211407,Cleaning and fumigation - health facilities,BuildRight Contractors,207351.17,MOBILE_MONEY
KE-2402231,10/04/2024,MOFA,Ministry of Family Affairs,2211501,Refined fuels,TransAfrica Logistics,17923.48,BANK_TRANSFER
KE-2402232,28/10/2023,MOF,Ministry of Finance,2211407,Cleaning and fumigation - health facilities,TransAfrica Logistics,2307.49,CHEQUE
KE-2402233,25/09/2023,MOF,Ministry of Finance,2210301,Domestic travel,GreenLeaf Consultancy,805779.54,MOBILE_MONEY
KE-2402234,19/08/2023,MOI,Ministry of Interior,2211407,Cleaning and fumigation - health facilities,SafeWater Kenya,1974483.78,CHEQUE
KE-2402235,02/11/2023,MOH,Ministry of Health,2211404,SGBV survivor support services,MedSupplies Ltd,377644.63,BANK_TRANSFER
KE-2402236,19/08/2023,MOFA,Ministry of Family Affairs,2210201,communication supplies,MediPlus Distributors,294149.45,BANK_TRANSFER
KE-2402237,06/06/2024,MOFA,Ministry of Family Affairs,2211103,Vaccines,TechnoServ Africa,1408581.78,CHEQUE
KE-2402238,14/04/2024,MOE,Ministry of Education,2211201,Laboratory reagents,Modern Office Systems,2567.48,CHEQUE
KE-2402239,03/12/2023,MOH,Ministry of Health,2211306,Antenatal outreach services,United Diagnostics,131715.5,CHEQUE
KE-2402240,04/05/2024,MOI,Ministry of Interior,2210301,DOMESTIC TRAVEL,Sunrise Cleaning Services,35844.1,CHEQUE
KE-2402241,02/05/2024,MOE,Ministry of Education,2211501,Refined fuels,Care Foundation,1627655.28,CHEQUE
KE-2402242,31/03/2024,MOE,Ministry of Education,2211308,Youth SRH counselling services,Highlands Print Works,3979.27,CHEQUE
KE-2402243,26/10/2023,MOF,Ministry of Finance,2211404,SGBV survivor support services,Nile Motors,1103347.59,BANK_TRANSFER
KE-2402244,15/10/2023,MOE,Ministry of Education,2211201,Laboratory reagents,Regional Bank Services,2067.82,BANK_TRANSFER
KE-2402245,12/10/2023,MOFA,Ministry of Family Affairs,2211306,Antenatal outreach services,NextGen IT,267888.88,CHEQUE
KE-2402246,20/12/2023,MOE,Ministry of Education,2211201,Laboratory reagents,Sunrise Cleaning Services,129996.95,CHEQUE
KE-2402247,04/04/2024,MOI,Ministry of Interior,2211306,Antenatal outreach services,NextGen IT,8021.86,CHEQUE
KE-2402248,29/01/2024,MOE,Ministry of Education,2211501,Refined fuels,BuildRight Contractors,111686.26,MOBILE_MONEY
KE-2402249,02/03/2024,MOI,Ministry of Interior,2211306,Antenatal outreach services,Vitalis Pharma,1185161.68,CHEQUE
KE-2402250,18/12/2023,MOFA,Ministry of Family Affairs,2110101,Basic salaries - permanent employees,SafeWater Kenya,-762185.14,BANK_TRANSFER
KE-2402251,15/06/2024,MOE,Ministry of Education,2211501,Refined fuels,United Diagnostics,18869.33,BANK_TRANSFER
KE-2402252,27/03/2024,MOI,Ministry of Interior,2211306,Antenatal outreach services,NextGen IT,897840.02,BANK_TRANSFER
KE-2402253,02/05/2024,MOI,Ministry of Interior,2211404,SGBV survivor support services,TransAfrica Logistics,61851.19,BANK_TRANSFER
KE-2402254,24/10/2023,MOE,Ministry of Education,2211103,Vaccines,Regional Bank Services,5966.0,MOBILE_MONEY
KE-2402255,10/07/2023,MOH,Ministry of Health,2211404,SGBV survivor support services,Highlands Print Works,1550.68,CHEQUE
KE-2402256,27/04/2024,MOF,Ministry of Finance,2211306,Antenatal outreach services,MedSupplies Ltd,1326.72,MOBILE_MONEY
KE-2402257,19/01/2024,MOE,Ministry of Education,3110101,Construction of buildings - health facilities,Sunrise Cleaning Services,2612.56,MOBILE_MONEY
KE-2402258,08/04/2024,MOE,Ministry of Education,2211501,Refined fuels,Nile Motors,1809.03,MOBILE_MONEY
KE-2402259,09/07/2023,MOI,Ministry of Interior,2211199,General medical consumables,United Diagnostics,1134344.96,CHEQUE
KE-2402260,27/03/2024,MOFA,Ministry of Family Affairs,2211306,Antenatal outreach services,TransAfrica Logistics,173833.57,BANK_TRANSFER
KE-2402261,23/03/2024,MOH,Ministry of Health,2110101,Basic salaries - permanent employees,Regional Bank Services,113234.43,BANK_TRANSFER
KE-2402262,17/07/2023,MOH,Ministry of Health,2211102,Contraceptives and family planning commodities,SafeWater Kenya,1578.83,BANK_TRANSFER
KE-2402263,01/04/2024,MOF,Ministry of Finance,2110101,Basic salaries - permanent employees,United Diagnostics,64983.54,MOBILE_MONEY
KE-2402264,17/08/2023,MOE,Ministry of Education,2211110,Maternity supplies and delivery kits,PharmaWest Africa,17318.7,BANK_TRANSFER
KE-2402265,01/07/2023,MOF,Ministry of Finance,2211404,SGBV survivor support services,Nile Motors,1231162.75,CHEQUE
KE-2402266,14/05/2024,MOF,Ministry of Finance,2211199,General medical consumables,Nile Motors,257111.0,CHEQUE
KE-2402267,11/09/2023,MOF,Ministry of Finance,2110101,Basic salaries - permanent employees,Modern Office Systems,372750.98,BANK_TRANSFER
KE-2402268,08/02/2024,MOF,Ministry of Finance,2211103,Vaccines,MedSupplies Ltd,116685.31,MOBILE_MONEY
KE-2402269,08/09/2023,MOF,Ministry of Finance,2211308,Youth SRH counselling services,TechnoServ Africa,896329.19,MOBILE_MONEY
KE-2402270,20/09/2023,MOI,Ministry of Interior,2211102,Contraceptives and family planning commodities,NextGen IT,199895.54,BANK_TRANSFER
KE-2402271,14/11/2023,MOH,Ministry of Health,2211105,HIV test kits and ARVs,Vitalis Pharma,562620.87,MOBILE_MONEY
KE-2402272,15/07/2023,MOH,Ministry of Health,2211199,General medical consumables,MediPlus Distributors,83722.91,MOBILE_MONEY
KE-2402273,23/01/2024,MOI,Ministry of Interior,2211305,Immunisation outreach,MediPlus Distributors,237741.06,CHEQUE
KE-2402274,23/12/2023,MOF,Ministry of Finance,2210301,Domestic travel,MedSupplies Ltd,35898.64,BANK_TRANSFER
KE-2402275,13/06/2024,MOF,Ministry of Finance,2211199,General medical consumables,SafeWater Kenya,1167551.19,BANK_TRANSFER
KE-2402276,26/04/2024,MOE,Ministry of Education,2211101,Medical drugs,Vitalis Pharma,108230.39,CHEQUE
KE-2402277,14/10/2023,MOF,Ministry of Finance,2211102,Contraceptives and family planning commodities,Highlands Print Works,1468577.82,MOBILE_MONEY
KE-2402278,08/11/2023,MOH,Ministry of Health,2211501,Refined fuels,MediPlus Distributors,1548551.46,MOBILE_MONEY
KE-2402279,18/06/2024,MOFA,Ministry of Family Affairs,2211102,Contraceptives and family planning commodities,Regional Bank Services,78405.35,MOBILE_MONEY
KE-2402280,26/01/2024,MOE,Ministry of Education,2211105,hiv test kits and arvs,GreenLeaf Consultancy,247761.73,CHEQUE
KE-2402281,01/12/2023,MOF,Ministry of Finance,2211305,Immunisation outreach,TransAfrica Logistics,27044.15,BANK_TRANSFER
KE-2402282,01/06/2024,MOFA,Ministry of Family Affairs,2211306,Antenatal outreach services,Sunrise Cleaning Services,223308.28,MOBILE_MONEY
KE-2402283,07/03/2024,MOFA,Ministry of Family Affairs,2211308,YOUTH SRH COUNSELLING SERVICES,United Diagnostics,2361.61,CHEQUE
KE-2402284,21/09/2023,MOFA,Ministry of Family Affairs,2110101,Basic salaries - permanent employees,TransAfrica Logistics,-22065.1,BANK_TRANSFER
KE-2402285,16/01/2024,MOE,Ministry of Education,2211102,contraceptives and family planning commodities,GreenLeaf Consultancy,561543.06,CHEQUE
KE-2402286,28/05/2024,MOI,Ministry of Interior,2211201,Laboratory reagents,MedSupplies Ltd,810237.8,MOBILE_MONEY
KE-2402287,15/07/2023,MOF,Ministry of Finance,2211199,General medical consumables,Regional Bank Services,5913.49,CHEQUE
KE-2402288,23/02/2024,MOF,Ministry of Finance,2211199,General medical consumables,Highlands Print Works,133759.85,MOBILE_MONEY
KE-2402289,14/05/2024,MOI,Ministry of Interior,3110101,Construction of buildings - health facilities,Modern Office Systems,87184.77,CHEQUE
KE-2402290,25/07/2023,MOE,Ministry of Education,2210301,Domestic travel,TransAfrica Logistics,776589.07,CHEQUE
KE-2402291,30/08/2023,MOI,Ministry of Interior,2210301,DOMESTIC TRAVEL,MediPlus Distributors,652949.53,CHEQUE
KE-2402292,31/05/2024,MOFA,Ministry of Family Affairs,2211110,Maternity supplies and delivery kits,Regional Bank Services,257617.93,CHEQUE
KE-2402293,30/07/2023,MOH,Ministry of Health,2211404,SGBV survivor support services,MedSupplies Ltd,415091.47,MOBILE_MONEY
KE-2402294,11/08/2023,MOF,Ministry of Finance,2210201,Communication supplies,Regional Bank Services,1829364.5,MOBILE_MONEY
KE-2402295,09/07/2023,MOH,Ministry of Health,2211320,Cervical cancer screening,Sunrise Cleaning Services,2057.95,BANK_TRANSFER
KE-2402296,09/02/2024,MOE,Ministry of Education,2210301,Domestic travel,Care Foundation,574288.23,MOBILE_MONEY
KE-2402297,05/04/2024,MOE,Ministry of Education,2211320,cervical cancer screening,MedSupplies Ltd,-822159.76,CHEQUE
KE-2402298,10/06/2024,MOI,Ministry of Interior,2210201,Communication supplies,United Diagnostics,4324.55,CHEQUE
KE-2402299,12/01/2024,MOFA,Ministry of Family Affairs,2211320,Cervical cancer screening,Care Foundation,67573.92,BANK_TRANSFER
KE-2402300,10/02/2024,MOI,Ministry of Interior,2211103,Vaccines,Care Foundation,-7269.32,CHEQUE
KE-2402301,17/06/2024,MOFA,Ministry of Family Affairs,2210301,Domestic travel,Highlands Print Works,285975.09,MOBILE_MONEY
KE-2402302,25/06/2024,MOFA,Ministry of Family Affairs,2211501,Refined fuels,NextGen IT,1223.85,CHEQUE
KE-2402303,11/07/2023,MOFA,Ministry of Family Affairs,3110701,Purchase of vehicles - ambulances,Modern Office Systems,6265.08,BANK_TRANSFER
KE-2402304,19/10/2023,MOH,Ministry of Health,2211305,Immunisation outreach,Public Health Institute,818185.15,CHEQUE
KE-2402305,14/07/2023,MOE,Ministry of Education,2211511,printing and stationery,Regional Bank Services,113164.26,BANK_TRANSFER
KE-2402306,09/10/2023,MOI,Ministry of Interior,2211199,General medical consumables,MedSupplies Ltd,203822.58,BANK_TRANSFER
KE-2402307,18/04/2024,MOI,Ministry of Interior,2211305,Immunisation outreach,SafeWater Kenya,1619721.52,MOBILE_MONEY
KE-2402308,07/02/2024,MOI,Ministry of Interior,2110101,Basic salaries - permanent employees,Nile Motors,293174.09,MOBILE_MONEY
KE-2402309,28/03/2024,MOE,Ministry of Education,2211101,Medical drugs,Regional Bank Services,2394.14,MOBILE_MONEY
KE-2402310,04/08/2023,MOE,Ministry of Education,2211110,Maternity supplies and delivery kits,MediPlus Distributors,127743.3,BANK_TRANSFER
KE-2402311,31/03/2024,MOH,Ministry of Health,2211306,Antenatal outreach services,TechnoServ Africa,2069.47,BANK_TRANSFER
KE-2402312,18/04/2024,MOF,Ministry of Finance,2211306,Antenatal outreach services,GreenLeaf Consultancy,1913233.78,MOBILE_MONEY
KE-2402313,30/03/2024,MOE,Ministry of Education,2211404,SGBV survivor support services,Modern Office Systems,60941.79,CHEQUE
KE-2402314,11/09/2023,MOE,Ministry of Education,2210201,Communication supplies,MedSupplies Ltd,8006.72,BANK_TRANSFER
KE-2402315,26/01/2024,MOI,Ministry of Interior,2110101,Basic salaries - permanent employees,MediPlus Distributors,814148.4,CHEQUE
KE-2402316,09/03/2024,MOF,Ministry of Finance,2211201,Laboratory reagents,TransAfrica Logistics,361823.55,BANK_TRANSFER
KE-2402317,03/07/2023,MOE,Ministry of Education,2211305,IMMUNISATION OUTREACH,PharmaWest Africa,1460379.05,MOBILE_MONEY
KE-2402318,26/02/2024,MOFA,Ministry of Family Affairs,3110701,Purchase of vehicles - ambulances,Sunrise Cleaning Services,1008458.43,MOBILE_MONEY
KE-2402319,21/07/2023,MOI,Ministry of Interior,2110101,Basic salaries - permanent employees,Nile Motors,13718.07,BANK_TRANSFER
KE-2402320,13/06/2024,MOH,Ministry of Health,2211407,Cleaning and fumigation - health facilities,TransAfrica Logistics,1927.82,CHEQUE
KE-2402321,02/04/2024,MOE,Ministry of Education,3110101,Construction of buildings - health facilities,Nile Motors,615974.25,MOBILE_MONEY
KE-2402322,22/07/2023,MOF,Ministry of Finance,2211320,Cervical cancer screening,MedSupplies Ltd,96859.81,BANK_TRANSFER
KE-2402323,28/05/2024,MOFA,Ministry of Family Affairs,2211110,maternity supplies and delivery kits,Modern Office Systems,346312.62,CHEQUE
KE-2402324,07/11/2023,MOF,Ministry of Finance,2211407,Cleaning and fumigation - health facilities,Highlands Print Works,5449.1,CHEQUE
KE-2402325,17/03/2024,MOI,Ministry of Interior,2211201,laboratory reagents,TransAfrica Logistics,27590.25,CHEQUE
KE-2402326,16/09/2023,MOH,Ministry of Health,2210301,Domestic travel,NextGen IT,7742.96,CHEQUE
KE-2402327,23/03/2024,MOH,Ministry of Health,2211199,General medical consumables,PharmaWest Africa,-263549.04,BANK_TRANSFER
KE-2402328,01/04/2024,MOF,Ministry of Finance,2210201,Communication supplies,Modern Office Systems,295628.82,BANK_TRANSFER
KE-2402329,29/05/2024,MOE,Ministry of Education,2211320,Cervical cancer screening,TechnoServ Africa,23097.91,MOBILE_MONEY
KE-2402330,19/05/2024,MOF,Ministry of Finance,2211407,Cleaning and fumigation - health facilities,TransAfrica Logistics,1106418.26,CHEQUE
KE-2402331,27/12/2023,MOFA,Ministry of Family Affairs,2211308,Youth SRH counselling services,Vitalis Pharma,78608.3,CHEQUE
KE-2402332,29/04/2024,MOFA,Ministry of Family Affairs,2211102,Contraceptives and family planning commodities,NextGen IT,,CHEQUE
KE-2402333,30/08/2023,MOH,Ministry of Health,2211105,HIV test kits and ARVs,Public Health Institute,58515.39,MOBILE_MONEY
KE-2402334,12/11/2023,MOE,Ministry of Education,2211320,Cervical cancer screening,TechnoServ Africa,6514.39,CHEQUE
KE-2402335,10/01/2024,MOE,Ministry of Education,2211103,Vaccines,Public Health Institute,63227.53,MOBILE_MONEY
KE-2402336,29/11/2023,MOFA,Ministry of Family Affairs,2110101,Basic salaries - permanent employees,GreenLeaf Consultancy,2551.8,BANK_TRANSFER
KE-2402337,24/10/2023,MOE,Ministry of Education,2211102,Contraceptives and family planning commodities,MediPlus Distributors,1072916.76,BANK_TRANSFER
KE-2402338,16/12/2023,MOH,Ministry of Health,3110101,Construction of buildings - health facilities,MedSupplies Ltd,122440.6,BANK_TRANSFER
KE-2402339,28/02/2024,MOF,Ministry of Finance,2211305,Immunisation outreach,MedSupplies Ltd,300288.08,CHEQUE
KE-2402340,14/01/2024,MOE,Ministry of Education,2211105,HIV test kits and ARVs,Highlands Print Works,3650.44,CHEQUE
KE-2402341,05/01/2024,MOI,Ministry of Interior,2211407,Cleaning and fumigation - health facilities,Care Foundation,3714.96,BANK_TRANSFER
KE-2402342,15/09/2023,MOF,Ministry of Finance,2211105,HIV test kits and ARVs,Regional Bank Services,166622.99,CHEQUE
KE-2402343,26/11/2023,MOE,Ministry of Education,2211407,Cleaning and fumigation - health facilities,SafeWater Kenya,350893.43,MOBILE_MONEY
KE-2402344,08/04/2024,MOH,Ministry of Health,2210301,Domestic travel,Modern Office Systems,2550.76,BANK_TRANSFER
KE-2402345,12/10/2023,MOI,Ministry of Interior,3110701,Purchase of vehicles - ambulances,BuildRight Contractors,3756.76,CHEQUE
KE-2402346,25/02/2024,MOE,Ministry of Education,2211199,general medical consumables,Modern Office Systems,132384.88,CHEQUE
KE-2402347,14/08/2023,MOI,Ministry of Interior,2211407,Cleaning and fumigation - health facilities,Care Foundation,34387.4,CHEQUE
KE-2402348,28/07/2023,MOE,Ministry of Education,2211501,Refined fuels,Sunrise Cleaning Services,2461.64,CHEQUE
KE-2402349,28/07/2023,MOH,Ministry of Health,2211320,Cervical cancer screening,Vitalis Pharma,4347.18,MOBILE_MONEY
KE-2402350,12/01/2024,MOF,Ministry of Finance,2211501,Refined fuels,TransAfrica Logistics,113726.8,MOBILE_MONEY
KE-2402351,02/02/2024,MOH,Ministry of Health,2211101,medical drugs,Vitalis Pharma,844209.07,CHEQUE
KE-2402352,03/01/2024,MOF,Ministry of Finance,2211105,HIV test kits and ARVs,TechnoServ Africa,893755.52,MOBILE_MONEY
KE-2402353,03/06/2024,MOE,Ministry of Education,2211501,REFINED FUELS,Public Health Institute,143591.34,CHEQUE
KE-2402354,16/01/2024,MOF,Ministry of Finance,2211305,Immunisation outreach,TransAfrica Logistics,828287.73,CHEQUE
KE-2402355,28/11/2023,MOF,Ministry of Finance,2211199,General medical consumables,Nile Motors,1736.05,CHEQUE
KE-2402356,02/02/2024,MOE,Ministry of Education,3110101,Construction of buildings - health facilities,Regional Bank Services,,MOBILE_MONEY
KE-2402357,20/03/2024,MOE,Ministry of Education,2211101,medical drugs,TransAfrica Logistics,91071.2,MOBILE_MONEY
KE-2402358,11/08/2023,MOI,Ministry of Interior,2211501,Refined fuels,NextGen IT,15191.16,BANK_TRANSFER
KE-2402359,29/11/2023,MOH,Ministry of Health,2211101,Medical drugs,Regional Bank Services,267776.48,MOBILE_MONEY
KE-2402360,23/08/2023,MOI,Ministry of Interior,2211305,Immunisation outreach,Sunrise Cleaning Services,568250.15,MOBILE_MONEY
KE-2402361,17/05/2024,MOI,Ministry of Interior,3110701,Purchase of vehicles - ambulances,BuildRight Contractors,4822.46,CHEQUE
KE-2402362,28/02/2024,MOH,Ministry of Health,2211501,Refined fuels,SafeWater Kenya,1141936.33,CHEQUE
KE-2402363,11/01/2024,MOF,Ministry of Finance,2211305,Immunisation outreach,Public Health Institute,1789021.3,BANK_TRANSFER
KE-2402364,28/10/2023,MOF,Ministry of Finance,2211201,Laboratory reagents,Vitalis Pharma,763083.23,MOBILE_MONEY
KE-2402365,21/02/2024,MOE,Ministry of Education,2211501,Refined fuels,Vitalis Pharma,1447.61,CHEQUE
KE-2402366,24/10/2023,MOFA,Ministry of Family Affairs,2211305,Immunisation outreach,TransAfrica Logistics,232307.37,BANK_TRANSFER
KE-2402367,13/02/2024,MOE,Ministry of Education,3110701,Purchase of vehicles - ambulances,MedSupplies Ltd,4660.19,MOBILE_MONEY
KE-2402368,26/09/2023,MOI,Ministry of Interior,2211199,General medical consumables,Regional Bank Services,1857.35,BANK_TRANSFER
KE-2402369,29/03/2024,MOF,Ministry of Finance,2211308,Youth SRH counselling services,Vitalis Pharma,780629.31,BANK_TRANSFER
KE-2402370,15/08/2023,MOFA,Ministry of Family Affairs,2211501,Refined fuels,Vitalis Pharma,1024959.71,CHEQUE
KE-2402371,29/11/2023,MOFA,Ministry of Family Affairs,2211102,Contraceptives and family planning commodities,SafeWater Kenya,19374.38,BANK_TRANSFER
KE-2402372,17/04/2024,MOI,Ministry of Interior,2211102,Contraceptives and family planning commodities,Highlands Print Works,57040.62,CHEQUE
KE-2402373,03/02/2024,MOF,Ministry of Finance,2110101,Basic salaries - permanent employees,TransAfrica Logistics,8027.62,CHEQUE
KE-2402374,30/05/2024,MOI,Ministry of Interior,2211308,Youth SRH counselling services,MediPlus Distributors,437800.02,CHEQUE
KE-2402375,13/08/2023,MOE,Ministry of Education,2211101,Medical drugs,United Diagnostics,1807262.0,BANK_TRANSFER
KE-2402376,26/07/2023,MOI,Ministry of Interior,3110701,Purchase of vehicles - ambulances,Nile Motors,7232.66,BANK_TRANSFER
KE-2402377,23/11/2023,MOF,Ministry of Finance,3110101,Construction of buildings - health facilities,Sunrise Cleaning Services,2053600.59,MOBILE_MONEY
KE-2402378,26/07/2023,MOI,Ministry of Interior,2211102,Contraceptives and family planning commodities,United Diagnostics,1530164.85,MOBILE_MONEY
KE-2402379,21/05/2024,MOF,Ministry of Finance,2211404,SGBV survivor support services,Public Health Institute,246316.36,BANK_TRANSFER
KE-2402380,25/04/2024,MOE,Ministry of Education,2211103,Vaccines,Regional Bank Services,135640.53,MOBILE_MONEY
KE-2402381,04/06/2024,MOFA,Ministry of Family Affairs,2210201,Communication supplies,Vitalis Pharma,517638.72,MOBILE_MONEY
KE-2402382,19/09/2023,MOE,Ministry of Education,2210201,Communication supplies,Vitalis Pharma,1982990.95,BANK_TRANSFER
KE-2402383,24/05/2024,MOFA,Ministry of Family Affairs,2211101,Medical drugs,Regional Bank Services,57933.02,MOBILE_MONEY
KE-2402384,13/08/2023,MOE,Ministry of Education,2211501,Refined fuels,TransAfrica Logistics,267259.72,CHEQUE
KE-2402385,01/03/2024,MOF,Ministry of Finance,2211306,Antenatal outreach services,TechnoServ Africa,1504828.37,BANK_TRANSFER
KE-2402386,13/06/2024,MOE,Ministry of Education,2211201,Laboratory reagents,United Diagnostics,815869.66,BANK_TRANSFER
KE-2402387,14/05/2024,MOE,Ministry of Education,2211199,General medical consumables,TechnoServ Africa,1020741.14,CHEQUE
KE-2402388,31/12/2023,MOE,Ministry of Education,2211407,Cleaning and fumigation - health facilities,Nile Motors,6670.09,MOBILE_MONEY
KE-2402389,23/08/2023,MOE,Ministry of Education,2211511,Printing and stationery,Sunrise Cleaning Services,1128135.02,MOBILE_MONEY
KE-2402390,26/12/2023,MOI,Ministry of Interior,2211105,HIV test kits and ARVs,MedSupplies Ltd,834466.99,CHEQUE
KE-2402391,16/12/2023,MOI,Ministry of Interior,2110101,Basic salaries - permanent employees,MediPlus Distributors,1066082.75,MOBILE_MONEY
KE-2402392,29/02/2024,MOH,Ministry of Health,2211103,Vaccines,Modern Office Systems,287257.09,CHEQUE
KE-2402393,24/04/2024,MOFA,Ministry of Family Affairs,2211102,Contraceptives and family planning commodities,Modern Office Systems,7380.14,CHEQUE
KE-2402394,09/09/2023,MOI,Ministry of Interior,2211407,Cleaning and fumigation - health facilities,SafeWater Kenya,22368.04,CHEQUE
KE-2402395,29/11/2023,MOI,Ministry of Interior,2211102,Contraceptives and family planning commodities,Modern Office Systems,18791.6,CHEQUE
KE-2402396,10/08/2023,MOE,Ministry of Education,2211101,Medical drugs,TechnoServ Africa,67380.89,CHEQUE
KE-2402397,21/08/2023,MOFA,Ministry of Family Affairs,2211199,General medical consumables,NextGen IT,543350.27,CHEQUE
KE-2402398,02/05/2024,MOF,Ministry of Finance,2210301,Domestic travel,NextGen IT,2637.4,CHEQUE
KE-2402399,19/08/2023,MOE,Ministry of Education,2110101,Basic salaries - permanent employees,Vitalis Pharma,168755.42,CHEQUE
KE-2402400,15/02/2024,MOF,Ministry of Finance,2211320,Cervical cancer screening,Nile Motors,241395.04,BANK_TRANSFER
KE-2402401,22/06/2024,MOI,Ministry of Interior,2110101,Basic salaries - permanent employees,Nile Motors,776382.35,CHEQUE
KE-2402402,08/06/2024,MOFA,Ministry of Family Affairs,2110101,BASIC SALARIES - PERMANENT EMPLOYEES,MedSupplies Ltd,1408.66,BANK_TRANSFER
KE-2402403,08/03/2024,MOF,Ministry of Finance,2211306,Antenatal outreach services,Sunrise Cleaning Services,262885.05,CHEQUE
KE-2402404,29/11/2023,MOI,Ministry of Interior,2211407,Cleaning and fumigation - health facilities,GreenLeaf Consultancy,173115.25,BANK_TRANSFER
KE-2402405,16/04/2024,MOE,Ministry of Education,2211103,Vaccines,Public Health Institute,3058.5,MOBILE_MONEY
KE-2402406,11/03/2024,MOFA,Ministry of Family Affairs,2211201,LABORATORY REAGENTS,United Diagnostics,20446.68,BANK_TRANSFER
KE-2402407,18/02/2024,MOH,Ministry of Health,2211511,printing and stationery,TechnoServ Africa,1538.15,CHEQUE
KE-2402408,15/08/2023,MOFA,Ministry of Family Affairs,2110101,Basic salaries - permanent employees,Vitalis Pharma,13191.18,BANK_TRANSFER
KE-2402409,24/07/2023,MOFA,Ministry of Family Affairs,3110101,Construction of buildings - health facilities,PharmaWest Africa,1959.01,CHEQUE
KE-2402410,26/08/2023,MOFA,Ministry of Family Affairs,2211101,Medical drugs,United Diagnostics,8441.47,CHEQUE
KE-2402411,18/10/2023,MOI,Ministry of Interior,2211320,Cervical cancer screening,TechnoServ Africa,281590.16,BANK_TRANSFER
KE-2402412,13/02/2024,MOH,Ministry of Health,2211201,Laboratory reagents,Sunrise Cleaning Services,131892.28,CHEQUE
KE-2402413,08/09/2023,MOE,Ministry of Education,3110701,Purchase of vehicles - ambulances,Public Health Institute,287287.88,MOBILE_MONEY
KE-2402414,07/04/2024,MOE,Ministry of Education,2211305,Immunisation outreach,NextGen IT,30842.64,CHEQUE
KE-2402415,14/06/2024,MOH,Ministry of Health,2211103,Vaccines,Vitalis Pharma,651251.91,MOBILE_MONEY
KE-2402416,21/05/2024,MOE,Ministry of Education,2211305,Immunisation outreach,MediPlus Distributors,56552.16,CHEQUE
KE-2402417,15/11/2023,MOI,Ministry of Interior,2211199,General medical consumables,SafeWater Kenya,4533.83,BANK_TRANSFER
KE-2402418,28/09/2023,MOE,Ministry of Education,3110101,Construction of buildings - health facilities,United Diagnostics,26909.45,CHEQUE
KE-2402419,19/05/2024,MOH,Ministry of Health,2211511,printing and stationery,Vitalis Pharma,59514.11,MOBILE_MONEY
KE-2402420,29/01/2024,MOH,Ministry of Health,2211199,General medical consumables,NextGen IT,357082.79,CHEQUE
KE-2402421,10/03/2024,MOF,Ministry of Finance,2211404,SGBV survivor support services,PharmaWest Africa,389300.74,MOBILE_MONEY
KE-2402422,28/11/2023,MOI,Ministry of Interior,2211407,Cleaning and fumigation - health facilities,MediPlus Distributors,15961.12,MOBILE_MONEY
KE-2402423,10/12/2023,MOFA,Ministry of Family Affairs,2211110,Maternity supplies and delivery kits,Care Foundation,2644.57,MOBILE_MONEY
KE-2402424,28/05/2024,MOE,Ministry of Education,2211306,Antenatal outreach services,Modern Office Systems,322844.28,CHEQUE
KE-2402425,24/11/2023,MOH,Ministry of Health,2211305,Immunisation outreach,TransAfrica Logistics,2072.89,CHEQUE
KE-2402426,24/05/2024,MOE,Ministry of Education,2211102,Contraceptives and family planning commodities,TransAfrica Logistics,1301.69,BANK_TRANSFER
KE-2402427,10/09/2023,MOF,Ministry of Finance,2210301,Domestic travel,GreenLeaf Consultancy,7898.19,BANK_TRANSFER
KE-2402428,20/09/2023,MOE,Ministry of Education,3110101,Construction of buildings - health facilities,Care Foundation,3655.8,CHEQUE
KE-2402429,15/03/2024,MOF,Ministry of Finance,2211308,YOUTH SRH COUNSELLING SERVICES,MedSupplies Ltd,123207.54,MOBILE_MONEY
KE-2402430,08/12/2023,MOH,Ministry of Health,2211101,Medical drugs,SafeWater Kenya,33641.73,MOBILE_MONEY
KE-2402431,06/01/2024,MOE,Ministry of Education,3110101,Construction of buildings - health facilities,Modern Office Systems,276950.73,CHEQUE
KE-2402432,01/05/2024,MOH,Ministry of Health,2211308,Youth SRH counselling services,Public Health Institute,7878.1,MOBILE_MONEY
KE-2402433,16/10/2023,MOE,Ministry of Education,2211407,Cleaning and fumigation - health facilities,Nile Motors,353846.15,MOBILE_MONEY
KE-2402434,17/12/2023,MOH,Ministry of Health,2211201,Laboratory reagents,United Diagnostics,877120.35,BANK_TRANSFER
KE-2402435,07/11/2023,MOH,Ministry of Health,2211199,General medical consumables,NextGen IT,189523.99,MOBILE_MONEY
KE-2402436,15/06/2024,MOF,Ministry of Finance,2211501,Refined fuels,TransAfrica Logistics,-637664.41,CHEQUE
KE-2402437,12/08/2023,MOE,Ministry of Education,3110101,Construction of buildings - health facilities,Modern Office Systems,2381.42,BANK_TRANSFER
KE-2402438,05/11/2023,MOI,Ministry of Interior,2211101,Medical drugs,Regional Bank Services,6539.17,BANK_TRANSFER
KE-2402439,25/03/2024,MOE,Ministry of Education,2211105,HIV test kits and ARVs,BuildRight Contractors,766283.08,MOBILE_MONEY
KE-2402440,08/11/2023,MOH,Ministry of Health,2211320,Cervical cancer screening,TransAfrica Logistics,4362.95,MOBILE_MONEY
KE-2402441,23/12/2023,MOFA,Ministry of Family Affairs,2211101,Medical drugs,TechnoServ Africa,774288.34,MOBILE_MONEY
KE-2402442,05/03/2024,MOF,Ministry of Finance,3110101,construction of buildings - health facilities,GreenLeaf Consultancy,1331.42,MOBILE_MONEY
KE-2402443,18/06/2024,MOF,Ministry of Finance,2211306,Antenatal outreach services,Modern Office Systems,251749.3,CHEQUE
KE-2402444,26/11/2023,MOFA,Ministry of Family Affairs,2211102,Contraceptives and family planning commodities,MedSupplies Ltd,-20927.75,MOBILE_MONEY
KE-2402445,11/11/2023,MOF,Ministry of Finance,2110101,Basic salaries - permanent employees,Vitalis Pharma,1132588.77,MOBILE_MONEY
KE-2402446,14/12/2023,MOH,Ministry of Health,3110701,Purchase of vehicles - ambulances,MediPlus Distributors,29849.01,CHEQUE
KE-2402447,28/07/2023,MOI,Ministry of Interior,2211308,Youth SRH counselling services,Modern Office Systems,551819.91,MOBILE_MONEY
KE-2402448,08/08/2023,MOFA,Ministry of Family Affairs,2211103,Vaccines,Vitalis Pharma,1279826.57,MOBILE_MONEY
KE-2402449,28/10/2023,MOF,Ministry of Finance,2211199,General medical consumables,GreenLeaf Consultancy,106888.57,CHEQUE
KE-2402450,30/10/2023,MOE,Ministry of Education,2211105,HIV test kits and ARVs,Nile Motors,722948.83,BANK_TRANSFER
KE-2402451,14/03/2024,MOFA,Ministry of Family Affairs,2211101,Medical drugs,GreenLeaf Consultancy,641538.05,MOBILE_MONEY
KE-2402452,13/03/2024,MOF,Ministry of Finance,3110101,Construction of buildings - health facilities,GreenLeaf Consultancy,16733.62,MOBILE_MONEY
KE-2402453,26/11/2023,MOF,Ministry of Finance,3110701,Purchase of vehicles - ambulances,MedSupplies Ltd,474193.36,CHEQUE
KE-2402454,22/03/2024,MOE,Ministry of Education,2210201,Communication supplies,MediPlus Distributors,4960.41,MOBILE_MONEY
KE-2402455,27/07/2023,MOH,Ministry of Health,2211101,Medical drugs,Highlands Print Works,925.98,BANK_TRANSFER
KE-2402456,22/06/2024,MOE,Ministry of Education,2210301,Domestic travel,Nile Motors,184518.8,CHEQUE
KE-2402457,06/08/2023,MOFA,Ministry of Family Affairs,2211407,Cleaning and fumigation - health facilities,United Diagnostics,31716.77,BANK_TRANSFER
KE-2402458,04/10/2023,MOI,Ministry of Interior,2211101,Medical drugs,Regional Bank Services,2136.51,MOBILE_MONEY
KE-2402459,22/12/2023,MOE,Ministry of Education,2211501,Refined fuels,Public Health Institute,1497.31,MOBILE_MONEY
KE-2402460,20/11/2023,MOI,Ministry of Interior,2211306,Antenatal outreach services,PharmaWest Africa,70122.36,CHEQUE
KE-2402461,27/11/2023,MOF,Ministry of Finance,2211308,Youth SRH counselling services,PharmaWest Africa,1895716.39,BANK_TRANSFER
KE-2402462,07/09/2023,MOF,Ministry of Finance,2211511,PRINTING AND STATIONERY,Modern Office Systems,126263.45,MOBILE_MONEY
KE-2402463,25/01/2024,MOE,Ministry of Education,2110101,Basic salaries - permanent employees,Highlands Print Works,126278.21,MOBILE_MONEY
KE-2402464,08/12/2023,MOE,Ministry of Education,2210201,Communication supplies,SafeWater Kenya,355890.96,CHEQUE
KE-2402465,07/09/2023,MOI,Ministry of Interior,2211103,Vaccines,MediPlus Distributors,7256.89,CHEQUE
KE-2402466,07/03/2024,MOH,Ministry of Health,2211101,MEDICAL DRUGS,Public Health Institute,24535.44,MOBILE_MONEY
KE-2402467,16/07/2023,MOFA,Ministry of Family Affairs,2211501,Refined fuels,MedSupplies Ltd,1188.54,MOBILE_MONEY
KE-2402468,13/07/2023,MOFA,Ministry of Family Affairs,2211102,Contraceptives and family planning commodities,Regional Bank Services,496851.71,MOBILE_MONEY
KE-2402469,24/10/2023,MOH,Ministry of Health,2211102,Contraceptives and family planning commodities,MedSupplies Ltd,1758483.52,BANK_TRANSFER
KE-2402470,11/01/2024,MOFA,Ministry of Family Affairs,2211320,Cervical cancer screening,Regional Bank Services,1415.25,BANK_TRANSFER
KE-2402471,22/11/2023,MOH,Ministry of Health,3110101,Construction of buildings - health facilities,Regional Bank Services,123392.8,CHEQUE
KE-2402472,25/09/2023,MOE,Ministry of Education,3110701,Purchase of vehicles - ambulances,PharmaWest Africa,1737.45,CHEQUE
KE-2402473,02/08/2023,MOE,Ministry of Education,2210301,Domestic travel,MediPlus Distributors,120251.45,MOBILE_MONEY
KE-2402474,19/12/2023,MOE,Ministry of Education,2211320,Cervical cancer screening,Nile Motors,207242.78,MOBILE_MONEY
KE-2402475,17/12/2023,MOF,Ministry of Finance,3110701,PURCHASE OF VEHICLES - AMBULANCES,Nile Motors,102417.51,CHEQUE
KE-2402476,16/11/2023,MOFA,Ministry of Family Affairs,2210201,Communication supplies,PharmaWest Africa,160952.94,CHEQUE
KE-2402477,10/05/2024,MOF,Ministry of Finance,2211511,Printing and stationery,Nile Motors,745587.92,CHEQUE
KE-2402478,25/07/2023,MOI,Ministry of Interior,2210301,DOMESTIC TRAVEL,United Diagnostics,1216.83,CHEQUE
KE-2402479,28/06/2024,MOI,Ministry of Interior,3110701,Purchase of vehicles - ambulances,Vitalis Pharma,125788.12,BANK_TRANSFER
KE-2402480,29/08/2023,MOH,Ministry of Health,2211308,youth srh counselling services,MediPlus Distributors,8689.64,BANK_TRANSFER
KE-2402481,23/10/2023,MOE,Ministry of Education,2211404,SGBV SURVIVOR SUPPORT SERVICES,Care Foundation,4889.63,CHEQUE
KE-2402482,12/07/2023,MOF,Ministry of Finance,2211105,HIV test kits and ARVs,MedSupplies Ltd,2467.45,BANK_TRANSFER
KE-2402483,22/12/2023,MOI,Ministry of Interior,3110101,construction of buildings - health facilities,United Diagnostics,1267231.93,BANK_TRANSFER
KE-2402484,06/06/2024,MOE,Ministry of Education,2211101,Medical drugs,BuildRight Contractors,6273.99,CHEQUE
KE-2402485,02/04/2024,MOI,Ministry of Interior,2211105,HIV test kits and ARVs,MedSupplies Ltd,5218.72,BANK_TRANSFER
KE-2402486,24/11/2023,MOE,Ministry of Education,2210201,Communication supplies,GreenLeaf Consultancy,8283.52,BANK_TRANSFER
KE-2402487,14/12/2023,MOI,Ministry of Interior,2211320,Cervical cancer screening,MediPlus Distributors,346038.46,CHEQUE
KE-2402488,18/01/2024,MOFA,Ministry of Family Affairs,2211103,Vaccines,Nile Motors,24860.06,MOBILE_MONEY
KE-2402489,10/08/2023,MOFA,Ministry of Family Affairs,2211407,Cleaning and fumigation - health facilities,GreenLeaf Consultancy,24783.91,BANK_TRANSFER
KE-2402490,20/04/2024,MOF,Ministry of Finance,2210301,Domestic travel,Vitalis Pharma,249840.22,CHEQUE
KE-2402491,12/03/2024,MOF,Ministry of Finance,2211199,General medical consumables,PharmaWest Africa,631062.52,MOBILE_MONEY
KE-2402492,12/10/2023,MOE,Ministry of Education,2210301,Domestic travel,GreenLeaf Consultancy,113873.14,MOBILE_MONEY
KE-2402493,04/01/2024,MOH,Ministry of Health,2211103,Vaccines,PharmaWest Africa,,MOBILE_MONEY
KE-2402494,29/02/2024,MOI,Ministry of Interior,3110701,Purchase of vehicles - ambulances,SafeWater Kenya,29602.23,BANK_TRANSFER
KE-2402495,20/07/2023,MOH,Ministry of Health,2211407,Cleaning and fumigation - health facilities,Highlands Print Works,487298.82,MOBILE_MONEY
KE-2402496,28/11/2023,MOFA,Ministry of Family Affairs,2211199,General medical consumables,TransAfrica Logistics,-141239.39,MOBILE_MONEY
KE-2402497,09/07/2023,MOI,Ministry of Interior,2211308,Youth SRH counselling services,MediPlus Distributors,1546.21,CHEQUE
KE-2402498,17/02/2024,MOF,Ministry of Finance,2210201,Communication supplies,Modern Office Systems,1856666.2,BANK_TRANSFER
KE-2402499,28/12/2023,MOF,Ministry of Finance,2211102,Contraceptives and family planning commodities,SafeWater Kenya,80012.99,BANK_TRANSFER
